block,time,market,shares,share_of_supply_pct,book_value_asset,redeem_asset,haircut_vs_book_pct,pps,pool_price_scale,pool_price_oracle,ps_lag_pct,pool_crvusd,pool_asset,pool_crvusd_share_pct,cap_usd,tvl_asset
26028840,2026-09-21T22:24:47+00:00,v3-WBTC,0.01,0.0,0.010082,0.009482,-5.953,1.008177,69613.59,86191.2,23.81,47780164,254.2695,68.6,49999556,478.4235
26028840,2026-09-21T22:24:47+00:00,v3-WBTC,0.1,0.02,0.100818,0.094815,-5.954,1.008177,69613.59,86191.2,23.81,47780164,254.2695,68.6,49999556,478.4235
26028840,2026-09-21T22:24:47+00:00,v3-WBTC,1,0.21,1.008177,0.948002,-5.969,1.008177,69613.59,86191.2,23.81,47780164,254.2695,68.6,49999556,478.4235
26028840,2026-09-21T22:24:47+00:00,v3-WBTC,5,1.05,5.040887,4.736663,-6.035,1.008177,69613.59,86191.2,23.81,47780164,254.2695,68.6,49999556,478.4235
26028840,2026-09-21T22:24:47+00:00,v3-WBTC,10,2.11,10.081773,9.464758,-6.12,1.008177,69613.59,86191.2,23.81,47780164,254.2695,68.6,49999556,478.4235
26028840,2026-09-21T22:24:47+00:00,v3-WBTC,25,5.27,25.204434,23.593978,-6.39,1.008177,69613.59,86191.2,23.81,47780164,254.2695,68.6,49999556,478.4235
26028840,2026-09-21T22:24:47+00:00,v3-WBTC,50,10.53,50.408867,46.933876,-6.894,1.008177,69613.59,86191.2,23.81,47780164,254.2695,68.6,49999556,478.4235
26028840,2026-09-21T22:24:47+00:00,v3-WBTC,100,21.07,100.817735,92.579274,-8.172,1.008177,69613.59,86191.2,23.81,47780164,254.2695,68.6,49999556,478.4235
26028840,2026-09-21T22:24:47+00:00,v3-WBTC,200,42.14,201.63547,176.052989,-12.687,1.008177,69613.59,86191.2,23.81,47780164,254.2695,68.6,49999556,478.4235
26028840,2026-09-21T22:24:47+00:00,v3-WBTC,300,63.21,302.453205,233.809793,-22.696,1.008177,69613.59,86191.2,23.81,47780164,254.2695,68.6,49999556,478.4235
26028840,2026-09-21T22:24:47+00:00,v3-WBTC,450,94.81,453.679807,254.204351,-43.968,1.008177,69613.59,86191.2,23.81,47780164,254.2695,68.6,49999556,478.4235
26028840,2026-09-21T22:24:47+00:00,v3-cbBTC,0.01,0.0,0.010055,0.010048,-0.07,1.005514,85286.79,86295.42,1.18,31091214,339.726,51.5,50000000,352.6319
26028840,2026-09-21T22:24:47+00:00,v3-cbBTC,0.1,0.03,0.100551,0.100481,-0.07,1.005514,85286.79,86295.42,1.18,31091214,339.726,51.5,50000000,352.6319
26028840,2026-09-21T22:24:47+00:00,v3-cbBTC,1,0.29,1.005514,1.004813,-0.07,1.005514,85286.79,86295.42,1.18,31091214,339.726,51.5,50000000,352.6319
26028840,2026-09-21T22:24:47+00:00,v3-cbBTC,5,1.43,5.027572,5.024023,-0.071,1.005514,85286.79,86295.42,1.18,31091214,339.726,51.5,50000000,352.6319
26028840,2026-09-21T22:24:47+00:00,v3-cbBTC,10,2.85,10.055144,10.047941,-0.072,1.005514,85286.79,86295.42,1.18,31091214,339.726,51.5,50000000,352.6319
26028840,2026-09-21T22:24:47+00:00,v3-cbBTC,25,7.13,25.13786,25.119025,-0.075,1.005514,85286.79,86295.42,1.18,31091214,339.726,51.5,50000000,352.6319
26028840,2026-09-21T22:24:47+00:00,v3-cbBTC,50,14.26,50.27572,50.234922,-0.081,1.005514,85286.79,86295.42,1.18,31091214,339.726,51.5,50000000,352.6319
26028840,2026-09-21T22:24:47+00:00,v3-cbBTC,100,28.51,100.55144,100.453631,-0.097,1.005514,85286.79,86295.42,1.18,31091214,339.726,51.5,50000000,352.6319
26028840,2026-09-21T22:24:47+00:00,v3-cbBTC,200,57.03,201.10288,200.778974,-0.161,1.005514,85286.79,86295.42,1.18,31091214,339.726,51.5,50000000,352.6319
26028840,2026-09-21T22:24:47+00:00,v3-cbBTC,300,85.54,301.65432,300.252612,-0.465,1.005514,85286.79,86295.42,1.18,31091214,339.726,51.5,50000000,352.6319
26028840,2026-09-21T22:24:47+00:00,v3-tBTC,0.01,0.0,0.010038,0.00946,-5.757,1.003752,69947.85,86205.2,23.24,25725617,138.2805,68.3,17870000,257.4243
26028840,2026-09-21T22:24:47+00:00,v3-tBTC,0.1,0.04,0.100375,0.094594,-5.76,1.003752,69947.85,86205.2,23.24,25725617,138.2805,68.3,17870000,257.4243
26028840,2026-09-21T22:24:47+00:00,v3-tBTC,1,0.39,1.003752,0.945674,-5.786,1.003752,69947.85,86205.2,23.24,25725617,138.2805,68.3,17870000,257.4243
26028840,2026-09-21T22:24:47+00:00,v3-tBTC,5,1.95,5.018759,4.72236,-5.906,1.003752,69947.85,86205.2,23.24,25725617,138.2805,68.3,17870000,257.4243
26028840,2026-09-21T22:24:47+00:00,v3-tBTC,10,3.9,10.037519,9.428992,-6.063,1.003752,69947.85,86205.2,23.24,25725617,138.2805,68.3,17870000,257.4243
26028840,2026-09-21T22:24:47+00:00,v3-tBTC,25,9.75,25.093796,23.441355,-6.585,1.003752,69947.85,86205.2,23.24,25725617,138.2805,68.3,17870000,257.4243
26028840,2026-09-21T22:24:47+00:00,v3-tBTC,50,19.49,50.187593,46.333186,-7.68,1.003752,69947.85,86205.2,23.24,25725617,138.2805,68.3,17870000,257.4243
26028840,2026-09-21T22:24:47+00:00,v3-tBTC,100,38.99,100.375186,88.992788,-11.34,1.003752,69947.85,86205.2,23.24,25725617,138.2805,68.3,17870000,257.4243
26028840,2026-09-21T22:24:47+00:00,v3-tBTC,200,77.97,200.750371,136.019012,-32.245,1.003752,69947.85,86205.2,23.24,25725617,138.2805,68.3,17870000,257.4243
26028840,2026-09-21T22:24:47+00:00,v2-WBTC,0.01,0.02,0.010707,0.010081,-5.841,1.070685,72543.77,86440.4,19.16,4804195,20.67,72.9,2813754,42.959
26028840,2026-09-21T22:24:47+00:00,v2-WBTC,0.1,0.25,0.107069,0.100794,-5.861,1.070685,72543.77,86440.4,19.16,4804195,20.67,72.9,2813754,42.959
26028840,2026-09-21T22:24:47+00:00,v2-WBTC,1,2.49,1.070685,1.00576,-6.064,1.070685,72543.77,86440.4,19.16,4804195,20.67,72.9,2813754,42.959
26028840,2026-09-21T22:24:47+00:00,v2-WBTC,5,12.45,5.353425,4.969864,-7.165,1.070685,72543.77,86440.4,19.16,4804195,20.67,72.9,2813754,42.959
26028840,2026-09-21T22:24:47+00:00,v2-WBTC,10,24.9,10.706851,9.718865,-9.228,1.070685,72543.77,86440.4,19.16,4804195,20.67,72.9,2813754,42.959
26028840,2026-09-21T22:24:47+00:00,v2-WBTC,25,62.24,26.767126,19.455592,-27.315,1.070685,72543.77,86440.4,19.16,4804195,20.67,72.9,2813754,42.959
26028840,2026-09-21T22:24:47+00:00,v2-cbBTC,0.01,0.01,0.010724,0.010072,-6.079,1.07235,72241.37,86504.82,19.74,15519572,65.8139,73.2,8413701,140.5562
26028840,2026-09-21T22:24:47+00:00,v2-cbBTC,0.1,0.08,0.107235,0.10071,-6.085,1.07235,72241.37,86504.82,19.74,15519572,65.8139,73.2,8413701,140.5562
26028840,2026-09-21T22:24:47+00:00,v2-cbBTC,1,0.76,1.07235,1.006407,-6.149,1.07235,72241.37,86504.82,19.74,15519572,65.8139,73.2,8413701,140.5562
26028840,2026-09-21T22:24:47+00:00,v2-cbBTC,5,3.81,5.361752,5.015788,-6.452,1.07235,72241.37,86504.82,19.74,15519572,65.8139,73.2,8413701,140.5562
26028840,2026-09-21T22:24:47+00:00,v2-cbBTC,10,7.62,10.723504,9.986265,-6.875,1.07235,72241.37,86504.82,19.74,15519572,65.8139,73.2,8413701,140.5562
26028840,2026-09-21T22:24:47+00:00,v2-cbBTC,25,19.05,26.808761,24.519901,-8.538,1.07235,72241.37,86504.82,19.74,15519572,65.8139,73.2,8413701,140.5562
26028840,2026-09-21T22:24:47+00:00,v2-cbBTC,50,38.11,53.617522,46.230705,-13.777,1.07235,72241.37,86504.82,19.74,15519572,65.8139,73.2,8413701,140.5562
26028840,2026-09-21T22:24:47+00:00,v2-cbBTC,100,76.21,107.235044,65.045602,-39.343,1.07235,72241.37,86504.82,19.74,15519572,65.8139,73.2,8413701,140.5562
26028840,2026-09-21T22:24:47+00:00,v2-tBTC,0.01,0.02,0.010574,0.009746,-7.836,1.057445,69761.73,86522.14,24.03,6006598,23.3443,74.8,3265407,53.3951
26028840,2026-09-21T22:24:47+00:00,v2-tBTC,0.1,0.2,0.105744,0.097436,-7.858,1.057445,69761.73,86522.14,24.03,6006598,23.3443,74.8,3265407,53.3951
26028840,2026-09-21T22:24:47+00:00,v2-tBTC,1,1.98,1.057445,0.971968,-8.083,1.057445,69761.73,86522.14,24.03,6006598,23.3443,74.8,3265407,53.3951
26028840,2026-09-21T22:24:47+00:00,v2-tBTC,5,9.89,5.287223,4.797784,-9.257,1.057445,69761.73,86522.14,24.03,6006598,23.3443,74.8,3265407,53.3951
26028840,2026-09-21T22:24:47+00:00,v2-tBTC,10,19.79,10.574445,9.384281,-11.255,1.057445,69761.73,86522.14,24.03,6006598,23.3443,74.8,3265407,53.3951
26028840,2026-09-21T22:24:47+00:00,v2-tBTC,25,49.47,26.436114,19.998316,-24.352,1.057445,69761.73,86522.14,24.03,6006598,23.3443,74.8,3265407,53.3951
26028840,2026-09-21T22:24:47+00:00,v3-WETH,0.01,0.0,0.010059,0.010057,-0.024,1.00593,2788.28,2800.68,0.44,30224941,10507.3071,50.7,32111267,10651.3114
26028840,2026-09-21T22:24:47+00:00,v3-WETH,0.1,0.0,0.100593,0.100569,-0.024,1.00593,2788.28,2800.68,0.44,30224941,10507.3071,50.7,32111267,10651.3114
26028840,2026-09-21T22:24:47+00:00,v3-WETH,1,0.01,1.00593,1.00569,-0.024,1.00593,2788.28,2800.68,0.44,30224941,10507.3071,50.7,32111267,10651.3114
26028840,2026-09-21T22:24:47+00:00,v3-WETH,5,0.05,5.029648,5.02845,-0.024,1.00593,2788.28,2800.68,0.44,30224941,10507.3071,50.7,32111267,10651.3114
26028840,2026-09-21T22:24:47+00:00,v3-WETH,10,0.09,10.059296,10.0569,-0.024,1.00593,2788.28,2800.68,0.44,30224941,10507.3071,50.7,32111267,10651.3114
26028840,2026-09-21T22:24:47+00:00,v3-WETH,25,0.24,25.14824,25.14224,-0.024,1.00593,2788.28,2800.68,0.44,30224941,10507.3071,50.7,32111267,10651.3114
26028840,2026-09-21T22:24:47+00:00,v3-WETH,50,0.47,50.296479,50.284449,-0.024,1.00593,2788.28,2800.68,0.44,30224941,10507.3071,50.7,32111267,10651.3114
26028840,2026-09-21T22:24:47+00:00,v3-WETH,100,0.94,100.592958,100.568773,-0.024,1.00593,2788.28,2800.68,0.44,30224941,10507.3071,50.7,32111267,10651.3114
26028840,2026-09-21T22:24:47+00:00,v3-WETH,200,1.89,201.185916,201.137043,-0.024,1.00593,2788.28,2800.68,0.44,30224941,10507.3071,50.7,32111267,10651.3114
26028840,2026-09-21T22:24:47+00:00,v3-WETH,300,2.83,301.778874,301.704793,-0.025,1.00593,2788.28,2800.68,0.44,30224941,10507.3071,50.7,32111267,10651.3114
26028840,2026-09-21T22:24:47+00:00,v3-WETH,450,4.25,452.668312,452.555407,-0.025,1.00593,2788.28,2800.68,0.44,30224941,10507.3071,50.7,32111267,10651.3114
