month,pool,asset,date,tvl_btc,tvl_usd,tvl_btc_redeemable,tvl_usd_redeemable,asset_price_usd,net_flow_asset,flow_method,cap_usd,debt_crvusd
2025-09,v1-WBTC,WBTC,2025-09-30,9.1961,1048290,9.1753,1045919,113992.94,9.222,API LT Deposit/Withdraw events (calendar month),1000000,1048247
2025-09,v1-cbBTC,cbBTC,2025-09-30,9.1985,1048703,9.1691,1045349,114007.79,9.2279,API LT Deposit/Withdraw events (calendar month),1000000,1050062
2025-09,v1-tBTC,tBTC,2025-09-30,9.2124,1043681,9.2388,1046670,113290.85,9.2534,API LT Deposit/Withdraw events (calendar month),1000000,1034582
2025-10,v1-WBTC,WBTC,2025-10-31,460.7748,50549848,464.4854,50956922,109706.2,454.5083,API LT Deposit/Withdraw events (calendar month),50000000,50165140
2025-10,v1-cbBTC,cbBTC,2025-10-31,453.8538,49809834,457.7597,50238507,109748.64,454.4387,API LT Deposit/Withdraw events (calendar month),50000000,50166673
2025-10,v1-tBTC,tBTC,2025-10-31,455.1394,49840828,460.3289,50409117,109506.73,462.2007,API LT Deposit/Withdraw events (calendar month),50000000,50380786
2025-11,v1-WBTC,WBTC,2025-11-30,26.3557,2400051,24.2887,2211824,91063.88,-440.7854,API LT Deposit/Withdraw events (calendar month),2445883,2490174
2025-11,v1-cbBTC,cbBTC,2025-11-30,106.6226,9753900,108.1597,9894517,91480.64,-359.8054,API LT Deposit/Withdraw events (calendar month),9487926,9612078
2025-11,v1-tBTC,tBTC,2025-11-30,21.5515,1961453,19.4565,1770777,91012.32,-451.0856,API LT Deposit/Withdraw events (calendar month),2022267,2052998
2025-11,v2-WBTC,WBTC,2025-11-30,488.4754,44482463,481.2506,43824550,91063.88,484.0277,API LT Deposit/Withdraw events (calendar month),50000000,49333441
2025-11,v2-cbBTC,cbBTC,2025-11-30,472.0688,43185155,471.361,43120404,91480.64,466.8543,API LT Deposit/Withdraw events (calendar month),50000000,41897403
2025-11,v2-tBTC,tBTC,2025-11-30,485.9565,44228030,475.9133,43313970,91012.32,483.707,API LT Deposit/Withdraw events (calendar month),50000000,50196451
2025-12,v1-WBTC,WBTC,2025-12-31,10.9642,953144,10.9344,950552,86932.28,-13.8413,API LT Deposit/Withdraw events (calendar month),1833268,959924
2025-12,v1-cbBTC,cbBTC,2025-12-31,5.662,499369,5.6449,497861,88196.15,-103.6614,API LT Deposit/Withdraw events (calendar month),8911407,503082
2025-12,v1-tBTC,tBTC,2025-12-31,5.076,447186,5.059,445687,88098.33,-14.6902,API LT Deposit/Withdraw events (calendar month),459465,450628
2025-12,v2-WBTC,WBTC,2025-12-31,575.8619,50060987,575.7451,50050839,86932.28,82.3861,API LT Deposit/Withdraw events (calendar month),50000000,50543406
2025-12,v2-cbBTC,cbBTC,2025-12-31,1153.7079,101752591,1153.4352,101728540,88196.15,674.3348,API LT Deposit/Withdraw events (calendar month),100000000,102201960
2025-12,v2-tBTC,tBTC,2025-12-31,569.1659,50142560,569.0416,50131613,88098.33,80.4686,API LT Deposit/Withdraw events (calendar month),50000000,50333183
2026-01,v1-WBTC,WBTC,2026-01-31,10.8441,844201,9.1262,710463,77848.84,-0.9295,API LT Deposit/Withdraw events (calendar month),862460,947528
2026-01,v1-WETH,WETH,2026-01-31,8353.4917,19945912,7790.7139,18602148,2387.73,8345.9493,API LT Deposit/Withdraw events (calendar month),25000000,28404470
2026-01,v1-cbBTC,cbBTC,2026-01-31,5.5349,432326,4.7207,368731,78109.63,-0.5104,API LT Deposit/Withdraw events (calendar month),479736,481557
2026-01,v1-tBTC,tBTC,2026-01-31,3.3251,259665,2.9199,228023,78091.56,-1.9202,API LT Deposit/Withdraw events (calendar month),330290,287404
2026-01,v2-WBTC,WBTC,2026-01-31,572.8682,44597119,550.2692,42837821,77848.84,-4.5486,API LT Deposit/Withdraw events (calendar month),50000000,54257415
2026-01,v2-cbBTC,cbBTC,2026-01-31,1145.8573,89502491,1106.2362,86407707,78109.63,-6.7226,API LT Deposit/Withdraw events (calendar month),100000000,107427719
2026-01,v2-tBTC,tBTC,2026-01-31,579.5788,45260209,565.5834,44167289,78091.56,12.3697,API LT Deposit/Withdraw events (calendar month),50000000,52657675
2026-02,v1-WBTC,WBTC,2026-02-28,12.8929,862335,8.0711,539832,66884.49,-0.3063,API LT Deposit/Withdraw events (calendar month),862460,1010448
2026-02,v1-WETH,WETH,2026-02-28,8340.5662,16192542,6692.0918,12992160,1941.42,-19.6052,API LT Deposit/Withdraw events (calendar month),25000000,29015192
2026-02,v1-cbBTC,cbBTC,2026-02-28,6.9742,467620,4.4395,297668,67050.29,-0.0371,API LT Deposit/Withdraw events (calendar month),479736,530547
2026-02,v1-tBTC,tBTC,2026-02-28,3.9361,263555,2.5993,174045,66958.02,-0.0921,API LT Deposit/Withdraw events (calendar month),279384,310684
2026-02,v2-WBTC,WBTC,2026-02-28,577.094,38598642,479.9493,32101167,66884.49,-4.8632,API LT Deposit/Withdraw events (calendar month),33333333,59140163
2026-02,v2-cbBTC,cbBTC,2026-02-28,1147.998,76973598,963.7058,64616748,67050.29,-14.2999,API LT Deposit/Withdraw events (calendar month),66666667,117020278
2026-02,v2-tBTC,tBTC,2026-02-28,588.5823,39410302,503.7901,33732786,66958.02,-1.0827,API LT Deposit/Withdraw events (calendar month),33333333,58794079
2026-03,v1-WBTC,WBTC,2026-03-31,7.5144,509915,5.3285,361582,67858.2,-3.1716,API LT Deposit/Withdraw events (calendar month),862460,603448
2026-03,v1-WETH,WETH,2026-03-31,8965.6644,18620498,8038.8162,16695557,2076.87,548.3927,API LT Deposit/Withdraw events (calendar month),25000000,28687443
2026-03,v1-cbBTC,cbBTC,2026-03-31,5.6545,384190,4.043,274701,67943.91,-0.3911,API LT Deposit/Withdraw events (calendar month),479736,452719
2026-03,v1-tBTC,tBTC,2026-03-31,2.7766,188633,2.0466,139040,67935.39,-0.7681,API LT Deposit/Withdraw events (calendar month),279384,212984
2026-03,v2-WBTC,WBTC,2026-03-31,562.2395,38152562,498.8549,33851399,67858.2,-4.9434,API LT Deposit/Withdraw events (calendar month),33333333,54379722
2026-03,v2-cbBTC,cbBTC,2026-03-31,1115.8312,75813938,994.2553,67553595,67943.91,-16.7594,API LT Deposit/Withdraw events (calendar month),66666667,107342779
2026-03,v2-tBTC,tBTC,2026-03-31,576.7788,39183691,521.4926,35427808,67935.39,-6.0297,API LT Deposit/Withdraw events (calendar month),33333333,54081151
2026-04,v1-WBTC,WBTC,2026-04-30,2.9801,227664,2.9786,227551,76394.33,-3.1677,API LT Deposit/Withdraw events (calendar month),287710,224724
2026-04,v1-WETH,WETH,2026-04-30,10510.9063,23718318,10162.7992,22932799,2256.54,1425.2015,API LT Deposit/Withdraw events (calendar month),27682686,29971893
2026-04,v1-cbBTC,cbBTC,2026-04-30,1.9015,144401,1.9078,144874,75939.25,-2.7188,API LT Deposit/Withdraw events (calendar month),163237,145143
2026-04,v1-tBTC,tBTC,2026-04-30,2.0081,152298,2.0131,152677,75841.52,-0.2533,API LT Deposit/Withdraw events (calendar month),163029,150895
2026-04,v2-WBTC,WBTC,2026-04-30,433.9321,33149952,433.9269,33149553,76394.33,-120.7836,API LT Deposit/Withdraw events (calendar month),33333333,33078882
2026-04,v2-cbBTC,cbBTC,2026-04-30,922.5749,70059644,922.3888,70045510,75939.25,-179.1287,API LT Deposit/Withdraw events (calendar month),66666667,69851611
2026-04,v2-tBTC,tBTC,2026-04-30,433.4334,32872243,433.3775,32868004,75841.52,-137.5242,API LT Deposit/Withdraw events (calendar month),33333333,32878929
2026-05,v1-WBTC,WBTC,2026-05-31,1.9153,141497,1.908,140960,73878.94,-1.0382,API LT Deposit/Withdraw events (calendar month),139813,141924
2026-05,v1-WETH,WETH,2026-05-31,10722.4946,21569404,9925.2582,19965681,2011.6,194.6472,API LT Deposit/Withdraw events (calendar month),0,30917607
2026-05,v1-cbBTC,cbBTC,2026-05-31,1.9126,141892,1.9077,141531,74188.61,-0.0038,API LT Deposit/Withdraw events (calendar month),146347,141680
2026-05,v1-tBTC,tBTC,2026-05-31,1.9748,146084,1.9778,146307,73973.41,-0.0081,API LT Deposit/Withdraw events (calendar month),150611,144961
2026-05,v2-WBTC,WBTC,2026-05-31,143.6505,10612745,143.6742,10614496,73878.94,-290.1553,API LT Deposit/Withdraw events (calendar month),10643572,10651128
2026-05,v2-cbBTC,cbBTC,2026-05-31,225.1705,16705088,225.2212,16708851,74188.61,-697.8569,API LT Deposit/Withdraw events (calendar month),16733859,16713829
2026-05,v2-tBTC,tBTC,2026-05-31,101.0801,7477237,101.111,7479526,73973.41,-332.0524,API LT Deposit/Withdraw events (calendar month),7446686,7431698
2026-05,v3-WBTC,WBTC,2026-05-31,263.992,19300466,263.9878,19300162,73110.04,264.2202,implied (dTVL - PPS effect),1026920,19614049
2026-05,v3-WETH,WETH,2026-05-31,641.1076,1295716,641.3604,1296227,2021.06,641.7128,implied (dTVL - PPS effect),1279050,1289876
2026-05,v3-cbBTC,cbBTC,2026-05-31,595.8491,43613582,595.8711,43615196,73195.68,596.4324,implied (dTVL - PPS effect),1270253,44285953
2026-05,v3-tBTC,tBTC,2026-05-31,245.2387,18007288,245.2392,18007319,73427.58,245.4742,implied (dTVL - PPS effect),1002802,18331064
2026-06,v1-WBTC,WBTC,2026-06-30,1.7579,102429,1.7632,102735,58267.34,-0.1994,API LT Deposit/Withdraw events (calendar month),139813,102143
2026-06,v1-WETH,WETH,2026-06-30,9989.8922,15842222,7575.5781,12013542,1585.83,-643.4802,API LT Deposit/Withdraw events (calendar month),0,29221045
2026-06,v1-cbBTC,cbBTC,2026-06-30,1.2472,72436,1.2477,72465,58077.0,-0.6918,API LT Deposit/Withdraw events (calendar month),146347,72545
2026-06,v1-tBTC,tBTC,2026-06-30,1.9522,113780,1.9563,114021,58283.92,-0.0634,API LT Deposit/Withdraw events (calendar month),150611,113722
2026-06,v2-WBTC,WBTC,2026-06-30,59.2877,3454537,59.3296,3456978,58267.34,-86.554,API LT Deposit/Withdraw events (calendar month),3332492,3448378
2026-06,v2-cbBTC,cbBTC,2026-06-30,157.8426,9167022,157.9681,9174315,58077.0,-70.8667,API LT Deposit/Withdraw events (calendar month),8907502,9199637
2026-06,v2-tBTC,tBTC,2026-06-30,59.873,3489636,59.9202,3492383,58283.92,-42.8522,API LT Deposit/Withdraw events (calendar month),3378331,3491845
2026-06,v3-WBTC,WBTC,2026-06-30,345.7625,20429102,338.8969,20023453,59084.2,80.5676,implied (dTVL - PPS effect),21918059,23615354
2026-06,v3-WETH,WETH,2026-06-30,5084.9951,7897820,5089.0762,7904159,1553.16,4434.8326,implied (dTVL - PPS effect),7973624,7946382
2026-06,v3-cbBTC,cbBTC,2026-06-30,638.8113,37801203,617.7589,36555443,59174.29,40.462,implied (dTVL - PPS effect),42539079,45901494
2026-06,v3-tBTC,tBTC,2026-06-30,265.2803,15692008,255.5641,15117271,59152.55,19.152,implied (dTVL - PPS effect),17910098,19294224
2026-07,v1-WBTC,WBTC,2026-07-31,1.0141,64046,1.0006,63195,63157.88,-0.7398,API LT Deposit/Withdraw events (calendar month),139813,65607
2026-07,v1-WETH,WETH,2026-07-31,9945.7942,18815286,9195.6991,17396268,1891.78,-26.3817,API LT Deposit/Withdraw events (calendar month),0,27107434
2026-07,v1-cbBTC,cbBTC,2026-07-31,1.0109,63337,1.0056,63004,62653.39,-0.2416,API LT Deposit/Withdraw events (calendar month),146347,63695
2026-07,v1-tBTC,tBTC,2026-07-31,1.8726,117271,1.867,116921,62624.76,-0.093,API LT Deposit/Withdraw events (calendar month),150611,117529
2026-07,v2-WBTC,WBTC,2026-07-31,55.2771,3491186,55.2258,3487942,63157.88,-4.3,API LT Deposit/Withdraw events (calendar month),3275444,3563276
2026-07,v2-cbBTC,cbBTC,2026-07-31,141.1367,8842690,141.1187,8841564,62653.39,-17.2943,API LT Deposit/Withdraw events (calendar month),8727656,8941809
2026-07,v2-tBTC,tBTC,2026-07-31,55.7106,3488864,55.7122,3488965,62624.76,-4.401,API LT Deposit/Withdraw events (calendar month),3265407,3516278
2026-07,v3-WBTC,WBTC,2026-07-31,370.59,23374943,370.4055,23363303,63074.94,23.5106,implied (dTVL - PPS effect),32119447,23801709
2026-07,v3-WETH,WETH,2026-07-31,7630.5434,14039027,7632.2179,14042107,1839.85,2552.0912,implied (dTVL - PPS effect),14218734,14119194
2026-07,v3-cbBTC,cbBTC,2026-07-31,664.9354,42087190,664.6136,42066825,63295.16,24.143,implied (dTVL - PPS effect),42403042,42623421
2026-07,v3-tBTC,tBTC,2026-07-31,273.0137,17248591,272.8853,17240479,63178.48,7.2159,implied (dTVL - PPS effect),17870115,17505541
2026-08,v1-WBTC,WBTC,2026-08-31,0.8935,70017,0.9696,75984,78362.63,-0.0311,API LT Deposit/Withdraw events (calendar month),139813,66065
2026-08,v1-WETH,WETH,2026-08-31,136.4956,336967,136.4864,336944,2468.7,-9791.1664,API LT Deposit/Withdraw events (calendar month),318747,337329
2026-08,v1-cbBTC,cbBTC,2026-08-31,1.0065,78971,1.0971,86081,78459.18,-0.0,API LT Deposit/Withdraw events (calendar month),146347,66643
2026-08,v1-tBTC,tBTC,2026-08-31,1.602,125614,1.7677,138613,78412.39,-0.0213,API LT Deposit/Withdraw events (calendar month),150611,118097
2026-08,v2-WBTC,WBTC,2026-08-31,43.3653,3398217,41.9909,3290518,78362.63,-12.08,API LT Deposit/Withdraw events (calendar month),2813754,2889159
2026-08,v2-cbBTC,cbBTC,2026-08-31,141.0836,11069303,136.3166,10695286,78459.18,-0.7762,API LT Deposit/Withdraw events (calendar month),8413701,9331507
2026-08,v2-tBTC,tBTC,2026-08-31,55.0438,4316117,52.5408,4119848,78412.39,-0.8916,API LT Deposit/Withdraw events (calendar month),3265407,3520546
2026-08,v3-WBTC,WBTC,2026-08-31,470.1235,37027929,452.0395,35603594,78762.14,99.195,implied (dTVL - PPS effect),32016653,30186778
2026-08,v3-WETH,WETH,2026-08-31,12512.6179,30838081,12509.5799,30830594,2464.56,4910.4001,implied (dTVL - PPS effect),32555644,30478341
2026-08,v3-cbBTC,cbBTC,2026-08-31,637.3118,49980410,630.9228,49479362,78423.79,-26.997,implied (dTVL - PPS effect),44224716,45257901
2026-08,v3-tBTC,tBTC,2026-08-31,264.0511,20694681,254.8586,19974235,78373.78,-8.8789,implied (dTVL - PPS effect),17870115,16907188
2026-09,v1-WBTC,WBTC,2026-09-20,0.7923,64126,0.8578,69426,80939.17,-0.1267,API LT Deposit/Withdraw events (calendar month),139813,60245
2026-09,v1-WETH,WETH,2026-09-20,69.3619,182022,69.3503,181992,2624.24,-67.858,API LT Deposit/Withdraw events (calendar month),160655,179984
2026-09,v1-cbBTC,cbBTC,2026-09-20,1.0065,81426,1.0927,88398,80897.67,0,API LT Deposit/Withdraw events (calendar month),146347,69802
2026-09,v1-tBTC,tBTC,2026-09-20,1.6066,130061,1.7763,143798,80955.29,-0.0043,API LT Deposit/Withdraw events (calendar month),150611,121566
2026-09,v2-WBTC,WBTC,2026-09-20,42.959,3477064,41.6843,3373895,80939.17,-0.2748,API LT Deposit/Withdraw events (calendar month),2813754,2993374
2026-09,v2-cbBTC,cbBTC,2026-09-20,140.5562,11370667,136.2647,11023493,80897.67,-0.0708,API LT Deposit/Withdraw events (calendar month),8413701,9737074
2026-09,v2-tBTC,tBTC,2026-09-20,53.3951,4322612,50.8788,4118910,80955.29,-1.3524,API LT Deposit/Withdraw events (calendar month),3265407,3535715
2026-09,v3-WBTC,WBTC,2026-09-20,478.6558,38650424,462.1033,37313848,80747.85,8.8516,implied (dTVL - PPS effect),49999556,31327255
2026-09,v3-WETH,WETH,2026-09-20,10654.8697,28235571,10653.1811,28231097,2650.02,-1824.8474,implied (dTVL - PPS effect),32111267,28447374
2026-09,v3-cbBTC,cbBTC,2026-09-20,352.1447,28543944,352.0737,28538186,81057.42,-285.6631,implied (dTVL - PPS effect),50000000,28321042
2026-09,v3-tBTC,tBTC,2026-09-20,257.4039,20805575,248.8378,20113192,80828.53,-6.3708,implied (dTVL - PPS effect),17870000,16938972
2025-09,ALL_BTC_MARKETS (onchain sum),BTC,2025-09-30,27.607,3140674,27.583,,,,,,
2025-10,ALL_BTC_MARKETS (onchain sum),BTC,2025-10-31,1369.768,150200510,1382.574,,,,,,
2025-11,ALL_BTC_MARKETS (onchain sum),BTC,2025-11-30,1601.031,146011052,1580.43,,,,,,
2025-12,ALL_BTC_MARKETS (onchain sum),BTC,2025-12-31,2320.438,203855837,2319.86,,,,,,
2026-01,ALL_BTC_MARKETS (onchain sum),BTC,2026-01-31,2318.008,180896011,2238.856,,,,,,
2026-02,ALL_BTC_MARKETS (onchain sum),BTC,2026-02-28,2337.477,156576052,1962.555,,,,,,
2026-03,ALL_BTC_MARKETS (onchain sum),BTC,2026-03-31,2270.795,154232929,2026.021,,,,,,
2026-04,ALL_BTC_MARKETS (onchain sum),BTC,2026-04-30,1796.83,136606202,1796.593,,,,,,
2026-05,ALL_BTC_MARKETS (onchain sum),BTC,2026-05-31,1580.784,116145879,1580.898,,,,,,
2026-06,ALL_BTC_MARKETS (onchain sum),BTC,2026-06-30,1531.815,90322153,1494.405,,,,,,
2026-07,ALL_BTC_MARKETS (onchain sum),BTC,2026-07-31,1564.561,98778118,1563.834,,,,,,
2026-08,ALL_BTC_MARKETS (onchain sum),BTC,2026-08-31,1614.481,126761259,1572.504,,,,,,
2026-09,ALL_BTC_MARKETS (onchain sum),BTC,2026-09-20,1328.52,107445899,1295.569,,,,,,
2025-09,PROTOCOL_TOTAL (DefiLlama; incl. WETH),mixed,2025-09-30,27.58,3155475,,,,,,,
2025-10,PROTOCOL_TOTAL (DefiLlama; incl. WETH),mixed,2025-10-31,1393.68,150936003,,,,,,,
2025-11,PROTOCOL_TOTAL (DefiLlama; incl. WETH),mixed,2025-11-30,1581.43,143649372,,,,,,,
2025-12,PROTOCOL_TOTAL (DefiLlama; incl. WETH),mixed,2025-12-31,2314.33,204649722,,,,,,,
2026-01,PROTOCOL_TOTAL (DefiLlama; incl. WETH),mixed,2026-01-31,2542.58,213907694,,,,,,,
2026-02,PROTOCOL_TOTAL (DefiLlama; incl. WETH),mixed,2026-02-28,2165.89,142692147,,,,,,,
2026-03,PROTOCOL_TOTAL (DefiLlama; incl. WETH),mixed,2026-03-31,2283.41,152301866,,,,,,,
2026-04,PROTOCOL_TOTAL (DefiLlama; incl. WETH),mixed,2026-04-30,2111.55,160002209,,,,,,,
2026-05,PROTOCOL_TOTAL (DefiLlama; incl. WETH),mixed,2026-05-31,1874.38,138237741,,,,,,,
2026-06,PROTOCOL_TOTAL (DefiLlama; incl. WETH),mixed,2026-06-30,1859.78,111854062,,,,,,,
2026-07,PROTOCOL_TOTAL (DefiLlama; incl. WETH),mixed,2026-07-31,2128.79,133710035,,,,,,,
2026-08,PROTOCOL_TOTAL (DefiLlama; incl. WETH),mixed,2026-08-31,1989.85,154528164,,,,,,,
2026-09,PROTOCOL_TOTAL (DefiLlama; incl. WETH),mixed,2026-09-20,1644.33,133579442,,,,,,,
