month,pool,unstaked_realized_apy,staked_reward_apy,crvusd_rate,rebalancing_loss_est,notes,period,days,unstaked_redeemable_apy,interest_paid_usd,interest_cost_pct_equity_ann,gross_pool_income_est,watermark_gap_end_pct,trd_end_pct,pps_start,pps_end,redeem_start,redeem_end
2025-09,v1-WBTC,11.26,0.0,7.0,11.27,partial month (6 d) - annualised figure noisy; NEGATIVE: redeemable value per share fell,2025-09-24..2025-09-30,6,-5.96,895,5.32,20.17,,-0.23,1.008173,1.009942,1.008677,1.007658
2025-09,v1-cbBTC,12.69,0.0,7.0,14.43,partial month (6 d) - annualised figure noisy; NEGATIVE: redeemable value per share fell,2025-09-24..2025-09-30,6,-8.26,893,5.3,22.01,,-0.32,1.009325,1.011309,1.009505,1.008074
2025-09,v1-tBTC,-22.9,0.0,7.0,13.48,partial month (6 d) - annualised figure noisy; NEGATIVE: book PPS fell; NEGATIVE: redeemable value per share fell,2025-09-24..2025-09-30,6,-10.09,714,4.25,14.01,,0.29,1.028125,1.02374,1.028468,1.026672
2025-10,v1-WBTC,-11.95,13.63,7.0,33.27,NEGATIVE: book PPS fell; NEGATIVE: redeemable value per share fell; staked side in recovery mode (watermark gap -6.90%),2025-09-30..2025-10-31,31,-0.61,189326,8.64,56.85,-6.9,0.81,1.009942,0.999087,1.007658,1.007133
2025-10,v1-cbBTC,38.21,14.18,7.0,31.29,staked side in recovery mode (watermark gap -3.98%),2025-09-30..2025-10-31,31,58.76,186916,8.65,52.26,-3.98,0.86,1.011309,1.03949,1.008074,1.048436
2025-10,v1-tBTC,46.94,18.58,7.0,43.92,staked side in recovery mode (watermark gap -6.00%),2025-09-30..2025-10-31,31,62.37,191014,8.84,54.44,-6.0,1.14,1.02374,1.057756,1.026672,1.069816
2025-11,v1-WBTC,311.51,34.94,7.0,20.7,staked side in recovery mode (watermark gap -11.41%); TRD -7.8% at month end,2025-10-31..2025-11-30,30,38.18,136725,6.28,44.08,-11.41,-7.84,0.999087,1.122278,1.007133,1.034262
2025-11,v1-cbBTC,139.51,21.41,7.0,29.69,staked side in recovery mode (watermark gap -8.62%),2025-10-31..2025-11-30,30,156.84,162454,6.64,60.57,-8.62,1.44,1.03949,1.116856,1.048436,1.132957
2025-11,v1-tBTC,585.04,51.86,7.0,15.78,staked side in recovery mode (watermark gap -10.87%); TRD -9.7% at month end,2025-10-31..2025-11-30,30,71.97,131012,6.15,34.24,-10.87,-9.72,1.057756,1.239009,1.069816,1.118563
2025-11,v2-WBTC,50.61,28.86,7.0,20.38,partial month (18 d) - annualised figure noisy; staked side in recovery mode (watermark gap -0.66%); TRD -1.5% at month end,2025-11-12..2025-11-30,18,12.73,166285,8.58,44.67,-0.66,-1.48,1.000639,1.021054,1.000025,1.005952
2025-11,v2-cbBTC,51.6,29.84,7.0,36.37,partial month (18 d) - annualised figure noisy,2025-11-12..2025-11-30,18,48.42,137001,7.75,74.46,-0.05,-0.15,1.000087,1.02082,0.999632,1.01929
2025-11,v2-tBTC,29.2,26.88,7.0,14.52,partial month (18 d) - annualised figure noisy; NEGATIVE: redeemable value per share fell; staked side in recovery mode (watermark gap -1.16%); TRD -2.1% at month end,2025-11-12..2025-11-30,18,-14.84,170628,8.36,33.18,-1.16,-2.07,0.999952,1.012667,0.999626,0.991738
2025-12,v1-WBTC,-47.87,39.18,7.0,20.6,"deprecated legacy market, TVL<30 BTC: not meaningful; NEGATIVE: book PPS fell; staked side in recovery mode (watermark gap -16.15%)",2025-11-30..2025-12-31,31,32.07,10283,7.22,40.55,-16.15,-0.27,1.122278,1.061879,1.034262,1.058991
2025-12,v1-cbBTC,40.17,31.16,7.0,19.93,"deprecated legacy market, TVL<30 BTC: not meaningful; staked side in recovery mode (watermark gap -6.51%)",2025-11-30..2025-12-31,31,14.28,39121,8.98,41.81,-6.51,-0.3,1.116856,1.149348,1.132957,1.145877
2025-12,v1-tBTC,-57.28,121.84,7.0,16.49,"deprecated legacy market, TVL<30 BTC: not meaningful; NEGATIVE: book PPS fell; staked side in recovery mode (watermark gap -17.68%)",2025-11-30..2025-12-31,31,36.89,4956,4.85,32.69,-17.68,-0.34,1.239009,1.152659,1.118563,1.148796
2025-12,v2-WBTC,13.11,21.14,7.0,20.6,,2025-11-30..2025-12-31,31,34.48,298922,7.45,40.55,-0.03,-0.02,1.021054,1.031792,1.005952,1.031583
2025-12,v2-cbBTC,18.12,28.37,7.0,19.93,,2025-11-30..2025-12-31,31,19.89,468335,7.61,41.81,-0.01,-0.02,1.02082,1.035358,1.01929,1.035113
2025-12,v2-tBTC,7.69,16.25,7.0,16.49,staked side in recovery mode (watermark gap -0.54%),2025-11-30..2025-12-31,31,37.36,303367,7.57,32.69,-0.54,-0.02,1.012667,1.01906,0.991738,1.018838
2026-01,v1-WBTC,372.44,46.01,7.0,9.2,"deprecated legacy market, TVL<30 BTC: not meaningful; NEGATIVE: redeemable value per share fell; staked side in recovery mode (watermark gap -9.39%); TRD -15.8% at month end",2025-12-31..2026-01-31,31,-35.98,5511,7.22,29.62,-9.39,-15.84,1.061879,1.21157,1.058991,1.019633
2026-01,v1-WETH,4.55,9.49,1.62,13.44,"deprecated legacy market, TVL<30 BTC: not meaningful; ETH market (units ETH); NEGATIVE: redeemable value per share fell; staked side in recovery mode (watermark gap -0.48%); TRD -6.7% at month end",2026-01-07..2026-01-31,24,-63.89,19391,1.31,30.46,-0.48,-6.74,1.00009,1.003022,1.000247,0.935448
2026-01,v1-cbBTC,314.79,61.87,7.0,8.61,"deprecated legacy market, TVL<30 BTC: not meaningful; NEGATIVE: redeemable value per share fell; TRD -14.7% at month end",2025-12-31..2026-01-31,31,-33.98,3043,7.69,24.5,0.0,-14.71,1.149348,1.296954,1.145877,1.106172
2026-01,v1-tBTC,220.14,89.79,7.0,10.19,"deprecated legacy market, TVL<30 BTC: not meaningful; NEGATIVE: redeemable value per share fell; staked side in recovery mode (watermark gap -13.29%); TRD -12.2% at month end",2025-12-31..2026-01-31,31,-27.89,2630,8.76,24.17,-13.29,-12.19,1.152659,1.272389,1.148796,1.117338
2026-01,v2-WBTC,6.49,8.23,7.0,9.2,NEGATIVE: redeemable value per share fell; staked side in recovery mode (watermark gap -0.13%); TRD -3.9% at month end,2025-12-31..2026-01-31,31,-33.54,310938,7.74,29.62,-0.13,-3.94,1.031792,1.037319,1.031583,0.996398
2026-01,v2-cbBTC,3.24,16.33,7.0,8.61,NEGATIVE: redeemable value per share fell; staked side in recovery mode (watermark gap -0.40%); TRD -3.5% at month end,2025-12-31..2026-01-31,31,-31.59,624427,7.69,24.5,-0.4,-3.46,1.035358,1.038165,1.035113,1.002268
2026-01,v2-tBTC,-4.02,7.21,7.0,10.19,NEGATIVE: book PPS fell; NEGATIVE: redeemable value per share fell; staked side in recovery mode (watermark gap -0.89%); TRD -2.4% at month end,2025-12-31..2026-01-31,31,-27.84,303200,7.48,24.17,-0.89,-2.41,1.01906,1.015513,1.018838,0.99099
2026-02,v1-WBTC,823.42,17.97,7.0,-0.82,"deprecated legacy market, TVL<30 BTC: not meaningful; NEGATIVE: redeemable value per share fell; staked side in recovery mode (watermark gap -5.70%); TRD -37.4% at month end",2026-01-31..2026-02-28,28,-80.5,4951,7.56,22.41,-5.7,-37.4,1.21157,1.436834,1.019633,0.899475
2026-02,v1-WETH,13.3,9.99,1.62,18.35,"deprecated legacy market, TVL<30 BTC: not meaningful; ETH market (units ETH); NEGATIVE: redeemable value per share fell; staked side in recovery mode (watermark gap -0.78%); TRD -19.8% at month end",2026-01-31..2026-02-28,28,-84.06,35374,2.55,37.81,-0.78,-19.76,1.003022,1.012674,0.935448,0.812523
2026-02,v1-cbBTC,875.55,32.66,7.0,-0.86,"deprecated legacy market, TVL<30 BTC: not meaningful; NEGATIVE: redeemable value per share fell; TRD -36.3% at month end",2026-01-31..2026-02-28,28,-78.48,1966,5.7,21.82,0.0,-36.34,1.296954,1.544587,1.106172,0.98322
2026-02,v1-tBTC,958.49,48.66,7.0,-0.83,"deprecated legacy market, TVL<30 BTC: not meaningful; NEGATIVE: redeemable value per share fell; staked side in recovery mode (watermark gap -6.64%); TRD -34.0% at month end",2026-01-31..2026-02-28,28,-74.23,1475,7.35,21.66,-6.64,-33.96,1.272389,1.524846,1.117338,1.006969
2026-02,v2-WBTC,51.77,6.04,7.0,-0.82,NEGATIVE: redeemable value per share fell; staked side in recovery mode (watermark gap -0.46%); TRD -16.8% at month end,2026-01-31..2026-02-28,28,-76.8,314203,9.85,22.41,-0.46,-16.83,1.037319,1.071054,0.996398,0.890759
2026-02,v2-cbBTC,55.85,10.7,7.0,-0.86,NEGATIVE: redeemable value per share fell; staked side in recovery mode (watermark gap -0.47%); TRD -16.1% at month end,2026-01-31..2026-02-28,28,-74.81,621466,9.73,21.82,-0.47,-16.05,1.038165,1.07411,1.002268,0.901679
2026-02,v2-tBTC,49.79,4.83,7.0,-0.83,NEGATIVE: redeemable value per share fell; staked side in recovery mode (watermark gap -0.45%); TRD -14.4% at month end,2026-01-31..2026-02-28,28,-72.89,310399,9.56,21.66,-0.45,-14.41,1.015513,1.047482,0.99099,0.89658
2026-03,v1-WBTC,-64.47,15.87,7.0,15.81,"deprecated legacy market, TVL<30 BTC: not meaningful; NEGATIVE: book PPS fell; staked side in recovery mode (watermark gap -14.98%); TRD -29.1% at month end",2026-02-28..2026-03-31,31,54.14,4898,8.41,17.14,-14.98,-29.09,1.436834,1.315956,0.899475,0.933147
2026-03,v1-WETH,-0.19,8.03,1.62,12.9,"deprecated legacy market, TVL<30 BTC: not meaningful; ETH market (units ETH); NEGATIVE: book PPS fell; staked side in recovery mode (watermark gap -0.47%); TRD -10.3% at month end",2026-02-28..2026-03-31,31,269.15,39891,2.7,24.09,-0.47,-10.34,1.012674,1.012512,0.812523,0.907841
2026-03,v1-cbBTC,-61.34,25.83,7.0,14.09,"deprecated legacy market, TVL<30 BTC: not meaningful; NEGATIVE: book PPS fell; staked side in recovery mode (watermark gap -11.77%); TRD -28.5% at month end",2026-02-28..2026-03-31,31,51.9,3641,10.07,16.71,-11.77,-28.5,1.544587,1.424812,0.98322,1.018757
2026-03,v1-tBTC,-57.7,41.47,7.0,12.34,"deprecated legacy market, TVL<30 BTC: not meaningful; NEGATIVE: book PPS fell; staked side in recovery mode (watermark gap -10.78%); TRD -26.3% at month end",2026-02-28..2026-03-31,31,54.29,1671,8.7,16.07,-10.78,-26.29,1.524846,1.417387,1.006969,1.044747
2026-03,v2-WBTC,-20.44,5.53,7.0,15.81,NEGATIVE: book PPS fell; staked side in recovery mode (watermark gap -2.33%); TRD -11.3% at month end,2026-02-28..2026-03-31,31,70.46,319034,9.79,17.14,-2.33,-11.27,1.071054,1.050459,0.890759,0.932035
2026-03,v2-cbBTC,-16.47,8.68,7.0,14.09,NEGATIVE: book PPS fell; staked side in recovery mode (watermark gap -1.98%); TRD -10.9% at month end,2026-02-28..2026-03-31,31,68.56,631185,9.73,16.71,-1.98,-10.9,1.07411,1.057818,0.901679,0.942563
2026-03,v2-tBTC,-12.91,4.22,7.0,12.34,NEGATIVE: book PPS fell; staked side in recovery mode (watermark gap -1.61%); TRD -9.6% at month end,2026-02-28..2026-03-31,31,66.01,317769,9.52,16.07,-1.61,-9.59,1.047482,1.035254,0.89658,0.936021
2026-04,v1-WBTC,-94.27,17.84,7.0,19.66,"deprecated legacy market, TVL<30 BTC: not meaningful; NEGATIVE: book PPS fell; staked side in recovery mode (watermark gap -29.71%)",2026-03-31..2026-04-30,30,273.2,2730,9.0,24.43,-29.71,-0.05,1.315956,1.040339,0.933147,1.039822
2026-04,v1-WETH,6.77,9.51,1.62,9.43,"deprecated legacy market, TVL<30 BTC: not meaningful; ETH market (units ETH); staked side in recovery mode (watermark gap -0.10%); TRD -3.3% at month end",2026-03-31..2026-04-30,30,167.35,40029,2.3,17.92,-0.1,-3.31,1.012512,1.01798,0.907841,0.984266
2026-04,v1-cbBTC,-94.24,22.18,7.0,17.51,"deprecated legacy market, TVL<30 BTC: not meaningful; NEGATIVE: book PPS fell; staked side in recovery mode (watermark gap -28.02%)",2026-03-31..2026-04-30,30,255.22,1940,8.93,20.97,-28.02,0.33,1.424812,1.126932,1.018757,1.130622
2026-04,v1-tBTC,-92.75,35.85,7.0,15.55,"deprecated legacy market, TVL<30 BTC: not meaningful; NEGATIVE: book PPS fell; staked side in recovery mode (watermark gap -27.08%)",2026-03-31..2026-04-30,30,205.52,1015,7.25,21.26,-27.08,0.25,1.417387,1.14234,1.044747,1.145188
2026-04,v2-WBTC,-12.86,4.24,7.0,19.66,NEGATIVE: book PPS fell; staked side in recovery mode (watermark gap -3.43%),2026-03-31..2026-04-30,30,273.39,260021,8.87,24.43,-3.43,-0.0,1.050459,1.038637,0.932035,1.038625
2026-04,v2-cbBTC,-13.62,6.15,7.0,17.51,NEGATIVE: book PPS fell; staked side in recovery mode (watermark gap -3.15%),2026-03-31..2026-04-30,30,250.69,523923,8.74,20.97,-3.15,-0.02,1.057818,1.045168,0.942563,1.044957
2026-04,v2-tBTC,-10.26,3.68,7.0,15.55,NEGATIVE: book PPS fell; staked side in recovery mode (watermark gap -2.48%),2026-03-31..2026-04-30,30,205.3,257117,8.68,21.26,-2.48,-0.01,1.035254,1.026084,0.936021,1.025951
2026-05,v1-WBTC,5.5,43.86,7.0,10.21,"deprecated legacy market, TVL<30 BTC: not meaningful; staked side in recovery mode (watermark gap -30.35%)",2026-04-30..2026-05-31,31,1.46,1083,6.91,22.38,-30.35,-0.38,1.040339,1.045077,1.039822,1.041105
2026-05,v1-WETH,2.94,9.88,1.62,4.14,"deprecated legacy market, TVL<30 BTC: not meaningful; ETH market (units ETH); NEGATIVE: redeemable value per share fell; TRD -7.4% at month end",2026-04-30..2026-05-31,31,-38.38,39269,2.04,10.04,-0.02,-7.44,1.01798,1.020486,0.984266,0.944611
2026-05,v1-cbBTC,9.62,27.45,7.0,10.21,"deprecated legacy market, TVL<30 BTC: not meaningful; staked side in recovery mode (watermark gap -27.46%)",2026-04-30..2026-05-31,31,2.36,904,7.44,22.41,-27.46,-0.25,1.126932,1.135754,1.130622,1.132863
2026-05,v1-tBTC,0.84,35.78,7.0,11.57,"deprecated legacy market, TVL<30 BTC: not meaningful; NEGATIVE: redeemable value per share fell; staked side in recovery mode (watermark gap -28.01%)",2026-04-30..2026-05-31,31,-0.3,919,7.26,21.7,-28.01,0.15,1.14234,1.14315,1.145188,1.144894
2026-05,v2-WBTC,1.66,4.69,7.0,10.21,staked side in recovery mode (watermark gap -3.29%),2026-04-30..2026-05-31,31,1.87,176868,9.52,22.38,-3.29,0.02,1.038637,1.040089,1.038625,1.04026
2026-05,v2-cbBTC,1.61,7.31,7.0,10.21,staked side in recovery mode (watermark gap -3.02%),2026-04-30..2026-05-31,31,2.12,357411,9.7,22.41,-3.02,0.02,1.045168,1.046584,1.044957,1.046819
2026-05,v2-tBTC,-0.54,4.35,7.0,11.57,NEGATIVE: book PPS fell; NEGATIVE: redeemable value per share fell; staked side in recovery mode (watermark gap -2.53%),2026-04-30..2026-05-31,31,-0.02,169028,9.86,21.7,-2.53,0.03,1.026084,1.025616,1.025951,1.02593
2026-05,v3-WBTC,-6.48,5.77,0.82,3.5,partial month (6 d) - annualised figure noisy; NEGATIVE: book PPS fell; NEGATIVE: redeemable value per share fell; staked side in recovery mode (watermark gap -0.12%),2026-05-25..2026-05-31,6,-6.62,2642,0.91,4.42,-0.12,-0.0,1.000129,0.999028,1.000138,0.999013
2026-05,v3-WETH,-6.34,18.27,10.0,5.22,partial month (6 d) - annualised figure noisy; ETH market (units ETH); NEGATIVE: book PPS fell; NEGATIVE: redeemable value per share fell; staked side in recovery mode (watermark gap -0.12%),2026-05-25..2026-05-31,6,-4.12,2315,11.35,13.88,-0.12,0.04,0.999876,0.9988,0.999884,0.999194
2026-05,v3-cbBTC,-6.1,4.53,0.82,3.55,partial month (6 d) - annualised figure noisy; NEGATIVE: book PPS fell; NEGATIVE: redeemable value per share fell; staked side in recovery mode (watermark gap -0.10%),2026-05-25..2026-05-31,6,-5.94,6453,0.9,4.3,-0.1,0.0,1.000233,0.999199,1.000242,0.999236
2026-05,v3-tBTC,-6.4,5.95,0.82,3.35,partial month (6 d) - annualised figure noisy; NEGATIVE: book PPS fell; NEGATIVE: redeemable value per share fell; staked side in recovery mode (watermark gap -0.11%),2026-05-25..2026-05-31,6,-6.44,2443,0.86,4.06,-0.11,0.0,1.000107,0.99902,1.000116,0.999022
2026-06,v1-WBTC,17.1,27.43,7.0,31.0,"deprecated legacy market, TVL<30 BTC: not meaningful; staked side in recovery mode (watermark gap -28.76%)",2026-05-31..2026-06-30,30,27.18,657,6.55,69.2,-28.76,0.3,1.045077,1.058726,1.041105,1.061883
2026-06,v1-WETH,-0.61,1.81,1.62,11.5,"deprecated legacy market, TVL<30 BTC: not meaningful; ETH market (units ETH); NEGATIVE: book PPS fell; NEGATIVE: redeemable value per share fell; staked side in recovery mode (watermark gap -0.45%); TRD -24.2% at month end",2026-05-31..2026-06-30,30,-91.21,41083,2.67,23.05,-0.45,-24.17,1.020486,1.01997,0.944611,0.773468
2026-06,v1-cbBTC,18.39,18.28,7.0,28.79,"deprecated legacy market, TVL<30 BTC: not meaningful; staked side in recovery mode (watermark gap -26.08%)",2026-05-31..2026-06-30,30,22.72,508,5.77,62.97,-26.08,0.04,1.135754,1.151623,1.132863,1.152086
2026-06,v1-tBTC,22.33,19.97,7.0,31.02,"deprecated legacy market, TVL<30 BTC: not meaningful; staked side in recovery mode (watermark gap -26.52%)",2026-05-31..2026-06-30,30,23.21,737,6.9,66.42,-26.52,0.21,1.14315,1.162246,1.144894,1.164702
2026-06,v2-WBTC,28.61,2.19,7.0,31.0,deprecated after v3 (2026-05-25); residual TVL; staked side in recovery mode (watermark gap -1.27%),2026-05-31..2026-06-30,30,29.46,39059,6.76,69.2,-1.27,0.07,1.040089,1.061825,1.04026,1.062575
2026-06,v2-cbBTC,23.86,7.37,7.0,28.79,deprecated after v3 (2026-05-25); residual TVL; staked side in recovery mode (watermark gap -1.31%),2026-05-31..2026-06-30,30,24.72,73303,6.89,62.97,-1.31,0.08,1.046584,1.065151,1.046819,1.065999
2026-06,v2-tBTC,24.9,1.96,7.0,31.02,deprecated after v3 (2026-05-25); residual TVL; staked side in recovery mode (watermark gap -0.74%),2026-05-31..2026-06-30,30,25.63,31610,7.01,66.42,-0.74,0.08,1.025616,1.04453,1.02593,1.045352
2026-06,v3-WBTC,5.69,5.11,0.82,21.07,NEGATIVE: redeemable value per share fell; TRD -2.0% at month end,2026-05-31..2026-06-30,30,-17.18,14303,0.88,31.02,-0.1,-1.99,0.999028,1.003581,0.999013,0.983653
2026-06,v3-WETH,18.61,19.49,10.0,37.63,ETH market (units ETH); staked side in recovery mode (watermark gap -0.22%),2026-05-31..2026-06-30,30,19.2,51260,13.57,69.01,-0.22,0.08,0.9988,1.012907,0.999194,1.01372
2026-06,v3-cbBTC,5.23,5.37,0.82,17.48,NEGATIVE: redeemable value per share fell; staked side in recovery mode (watermark gap -0.14%); TRD -3.3% at month end,2026-05-31..2026-06-30,30,-30.04,30034,0.9,26.16,-0.14,-3.3,0.999199,1.003392,0.999236,0.970324
2026-06,v3-tBTC,4.5,7.94,0.82,17.29,NEGATIVE: redeemable value per share fell; staked side in recovery mode (watermark gap -0.15%); TRD -3.7% at month end,2026-05-31..2026-06-30,30,-33.63,12751,0.92,25.64,-0.15,-3.66,0.99902,1.002644,0.999022,0.965921
2026-07,v1-WBTC,25.45,20.96,7.0,12.88,"deprecated legacy market, TVL<30 BTC: not meaningful; staked side in recovery mode (watermark gap -29.03%); TRD -1.3% at month end",2026-06-30..2026-07-31,31,3.47,594,8.41,28.09,-29.03,-1.33,1.058726,1.079309,1.061883,1.064965
2026-07,v1-WETH,-1.77,2.1,1.62,5.74,"deprecated legacy market, TVL<30 BTC: not meaningful; ETH market (units ETH); NEGATIVE: book PPS fell; staked side in recovery mode (watermark gap -0.59%); TRD -7.5% at month end",2026-06-30..2026-07-31,31,913.6,38597,2.62,11.0,-0.59,-7.54,1.01997,1.01842,0.773468,0.941612
2026-07,v1-cbBTC,9.04,14.27,7.0,12.86,"deprecated legacy market, TVL<30 BTC: not meaningful; staked side in recovery mode (watermark gap -25.68%)",2026-06-30..2026-07-31,31,2.01,432,7.5,25.53,-25.68,-0.53,1.151623,1.160122,1.152086,1.154031
2026-07,v1-tBTC,9.33,14.57,7.0,12.94,"deprecated legacy market, TVL<30 BTC: not meaningful; staked side in recovery mode (watermark gap -26.00%)",2026-06-30..2026-07-31,31,2.96,721,7.35,26.26,-26.0,-0.3,1.162246,1.171083,1.164702,1.167586
2026-07,v2-WBTC,6.51,2.26,7.0,12.88,deprecated after v3 (2026-05-25); residual TVL; staked side in recovery mode (watermark gap -0.77%),2026-06-30..2026-07-31,31,4.48,21151,7.17,28.09,-0.77,-0.09,1.061825,1.067527,1.062575,1.066535
2026-07,v2-cbBTC,3.95,6.07,7.0,12.86,deprecated after v3 (2026-05-25); residual TVL; staked side in recovery mode (watermark gap -0.93%),2026-06-30..2026-07-31,31,2.82,58547,7.66,25.53,-0.93,-0.01,1.065151,1.068659,1.065999,1.068523
2026-07,v2-tBTC,4.58,0.78,7.0,12.94,deprecated after v3 (2026-05-25); residual TVL; staked side in recovery mode (watermark gap -0.33%),2026-06-30..2026-07-31,31,3.65,21692,7.32,26.26,-0.33,0.0,1.04453,1.048512,1.045352,1.048542
2026-07,v3-WBTC,4.58,4.34,0.82,11.8,,2026-06-30..2026-07-31,31,31.66,15635,0.84,16.96,-0.09,-0.05,1.003581,1.007403,0.983653,1.006902
2026-07,v3-WETH,-1.5,7.41,10.0,9.15,ETH market (units ETH); NEGATIVE: book PPS fell; NEGATIVE: redeemable value per share fell; staked side in recovery mode (watermark gap -0.37%),2026-06-30..2026-07-31,31,-2.18,113369,12.17,23.94,-0.37,0.02,1.012907,1.011603,1.01372,1.011825
2026-07,v3-cbBTC,3.71,4.72,0.82,10.45,,2026-06-30..2026-07-31,31,53.01,29553,0.87,16.07,-0.01,-0.05,1.003392,1.006503,0.970324,1.006016
2026-07,v3-tBTC,2.32,6.09,0.82,12.19,,2026-06-30..2026-07-31,31,57.89,12426,0.89,17.77,-0.09,-0.05,1.002644,1.0046,0.965921,1.004128
2026-08,v1-WBTC,-76.31,26.02,7.0,6.39,"deprecated legacy market, TVL<30 BTC: not meaningful; NEGATIVE: book PPS fell; NEGATIVE: redeemable value per share fell; staked side in recovery mode (watermark gap -35.50%)",2026-07-31..2026-08-31,31,-27.36,376,6.6,20.6,-35.5,8.52,1.079309,0.955051,1.064965,1.036444
2026-08,v1-WETH,3.85,10.7,1.62,6.39,"deprecated legacy market, TVL<30 BTC: not meaningful; ETH market (units ETH); staked side in recovery mode (watermark gap -0.28%)",2026-07-31..2026-08-31,31,161.25,23517,2.89,20.75,-0.28,-0.01,1.01842,1.021696,0.941612,1.021628
2026-08,v1-cbBTC,-75.84,14.71,7.0,3.64,"deprecated legacy market, TVL<30 BTC: not meaningful; NEGATIVE: book PPS fell; NEGATIVE: redeemable value per share fell; staked side in recovery mode (watermark gap -26.00%)",2026-07-31..2026-08-31,31,-29.08,341,5.63,18.49,-26.0,9.0,1.160122,1.028259,1.154031,1.120833
2026-08,v1-tBTC,-81.54,14.77,7.0,2.46,"deprecated legacy market, TVL<30 BTC: not meaningful; NEGATIVE: book PPS fell; NEGATIVE: redeemable value per share fell; staked side in recovery mode (watermark gap -35.94%)",2026-07-31..2026-08-31,31,-39.05,682,6.62,16.89,-35.94,10.35,1.171083,1.014526,1.167586,1.119513
2026-08,v2-WBTC,5.74,1.97,7.0,6.39,deprecated after v3 (2026-05-25); residual TVL; NEGATIVE: redeemable value per share fell; staked side in recovery mode (watermark gap -0.27%); TRD -3.2% at month end,2026-07-31..2026-08-31,31,-26.84,18418,6.3,20.6,-0.27,-3.17,1.067527,1.072598,1.066535,1.038604
2026-08,v2-cbBTC,6.92,6.34,7.0,3.64,deprecated after v3 (2026-05-25); residual TVL; NEGATIVE: redeemable value per share fell; staked side in recovery mode (watermark gap -0.42%); TRD -3.4% at month end,2026-07-31..2026-08-31,31,-28.56,53907,6.38,18.49,-0.42,-3.38,1.068659,1.074748,1.068523,1.038434
2026-08,v2-tBTC,10.95,0.57,7.0,2.46,deprecated after v3 (2026-05-25); residual TVL; NEGATIVE: redeemable value per share fell; TRD -4.5% at month end,2026-07-31..2026-08-31,31,-35.88,20866,6.3,16.89,-0.0,-4.55,1.048512,1.057809,1.048542,1.009706
2026-08,v3-WBTC,1.08,5.71,2.64,9.68,NEGATIVE: redeemable value per share fell; staked side in recovery mode (watermark gap -0.18%); TRD -3.8% at month end,2026-07-31..2026-08-31,31,-35.93,39035,1.52,14.48,-0.18,-3.85,1.007403,1.008323,1.006902,0.969537
2026-08,v3-WETH,-4.28,3.58,10.0,23.37,ETH market (units ETH); NEGATIVE: book PPS fell; NEGATIVE: redeemable value per share fell; staked side in recovery mode (watermark gap -0.71%),2026-07-31..2026-08-31,31,-4.8,181857,9.54,36.97,-0.71,-0.02,1.011603,1.007848,1.011825,1.007604
2026-08,v3-cbBTC,-1.1,4.74,2.64,11.53,NEGATIVE: book PPS fell; NEGATIVE: redeemable value per share fell; staked side in recovery mode (watermark gap -0.24%); TRD -1.0% at month end,2026-07-31..2026-08-31,31,-11.66,34843,0.89,14.65,-0.24,-1.0,1.006503,1.005555,1.006016,0.995475
2026-08,v3-tBTC,-0.36,4.42,2.64,9.17,NEGATIVE: book PPS fell; NEGATIVE: redeemable value per share fell; staked side in recovery mode (watermark gap -0.12%); TRD -3.5% at month end,2026-07-31..2026-08-31,31,-33.98,13586,0.84,12.83,-0.12,-3.48,1.0046,1.004292,1.004128,0.969329
2026-09,v1-WBTC,2.44,26.77,7.0,11.46,"deprecated legacy market, TVL<30 BTC: not meaningful; NEGATIVE: redeemable value per share fell; staked side in recovery mode (watermark gap -34.37%)",2026-08-31..2026-09-20,20,-1.9,273,7.44,15.75,-34.37,8.27,0.955051,0.956313,1.036444,1.035353
2026-09,v1-WETH,12.4,43.99,1.62,-0.59,"deprecated legacy market, TVL<30 BTC: not meaningful; ETH market (units ETH)",2026-08-31..2026-09-20,20,12.2,281,1.98,18.42,-0.0,-0.02,1.021696,1.028262,1.021628,1.02809
2026-09,v1-cbBTC,7.14,13.82,7.0,12.52,"deprecated legacy market, TVL<30 BTC: not meaningful; NEGATIVE: redeemable value per share fell; staked side in recovery mode (watermark gap -26.00%)",2026-08-31..2026-09-20,20,-0.5,324,7.38,16.28,-26.0,8.56,1.028259,1.032154,1.120833,1.120527
2026-09,v1-tBTC,-14.09,15.22,7.0,10.45,"deprecated legacy market, TVL<30 BTC: not meaningful; NEGATIVE: book PPS fell; NEGATIVE: redeemable value per share fell; staked side in recovery mode (watermark gap -35.59%)",2026-08-31..2026-09-20,20,-11.0,507,7.23,11.78,-35.59,10.56,1.014526,1.00612,1.119513,1.112384
2026-09,v2-WBTC,-5.31,0.55,7.0,11.46,deprecated after v3 (2026-05-25); residual TVL; NEGATIVE: book PPS fell; NEGATIVE: redeemable value per share fell; staked side in recovery mode (watermark gap -0.56%); TRD -3.0% at month end,2026-08-31..2026-09-20,20,-1.63,12166,6.46,15.75,-0.56,-2.97,1.072598,1.069397,1.038604,1.037667
2026-09,v2-cbBTC,-6.05,5.61,7.0,12.52,deprecated after v3 (2026-05-25); residual TVL; NEGATIVE: book PPS fell; NEGATIVE: redeemable value per share fell; staked side in recovery mode (watermark gap -0.74%); TRD -3.1% at month end,2026-08-31..2026-09-20,20,-0.1,39277,6.39,16.28,-0.74,-3.05,1.074748,1.071079,1.038434,1.038376
2026-09,v2-tBTC,-2.31,0.22,7.0,10.45,deprecated after v3 (2026-05-25); residual TVL; NEGATIVE: book PPS fell; NEGATIVE: redeemable value per share fell; staked side in recovery mode (watermark gap -0.57%); TRD -4.7% at month end,2026-08-31..2026-09-20,20,-5.35,14309,6.05,11.78,-0.57,-4.71,1.057809,1.056454,1.009706,1.006668
2026-09,v3-WBTC,-1.23,5.16,1.8,7.39,NEGATIVE: book PPS fell; staked side in recovery mode (watermark gap -0.25%); TRD -3.5% at month end,2026-08-31..2026-09-20,20,6.31,37338,1.8,10.66,-0.25,-3.46,1.008323,1.007639,0.969537,0.972793
2026-09,v3-WETH,-4.69,3.34,10.0,17.85,ETH market (units ETH); NEGATIVE: book PPS fell; NEGATIVE: redeemable value per share fell; staked side in recovery mode (watermark gap -1.00%),2026-08-31..2026-09-20,20,-4.54,157359,9.72,35.21,-1.0,-0.02,1.007848,1.005198,1.007604,1.005039
2026-09,v3-cbBTC,1.43,6.37,1.8,19.64,staked side in recovery mode (watermark gap -0.16%),2026-08-31..2026-09-20,20,21.46,43340,2.01,31.19,-0.16,-0.02,1.005555,1.006338,0.995475,1.006135
2026-09,v3-tBTC,-1.89,4.1,1.8,7.66,NEGATIVE: book PPS fell; staked side in recovery mode (watermark gap -0.22%); TRD -3.3% at month end,2026-08-31..2026-09-20,20,0.99,20673,1.82,10.09,-0.22,-3.33,1.004292,1.00324,0.969329,0.969854
