month,category_code,tvl_usd_gross,tvl_btc_gross,tvl_usd_net,tvl_btc_net,share_net
2024-09,C1,0,0.0,0,0.0,0.0
2024-09,C2,839555747,13257.35,729380075,11517.57,0.3581
2024-09,C3,562478017,8882.04,562478017,8882.04,0.2762
2024-09,C4,6931893,109.46,6931893,109.46,0.0034
2024-09,C5,209064,3.3,209064,3.3,0.0001
2024-09,C6,875536775,13825.52,737714132,11649.17,0.3622
2024-10,C1,0,0.0,0,0.0,0.0
2024-10,C2,4131939438,58782.49,2524045958,35908.01,0.5099
2024-10,C3,898784616,12786.44,898784616,12786.44,0.1816
2024-10,C4,7619249,108.39,7619249,108.39,0.0015
2024-10,C5,203845,2.9,203845,2.9,0.0
2024-10,C6,1642704665,23369.72,1519415984,21615.77,0.3069
2024-11,C1,0,0.0,0,0.0,0.0
2024-11,C2,7310398446,75827.72,4660245722,48338.79,0.4973
2024-11,C3,989697281,10265.72,989697281,10265.72,0.1056
2024-11,C4,10290581,106.74,10290581,106.74,0.0011
2024-11,C5,69714,0.72,69714,0.72,0.0
2024-11,C6,3854080304,39976.77,3710701081,38489.56,0.396
2024-12,C1,94,0.0,94,0.0,0.0
2024-12,C2,11306201800,120823.74,7372480238,78786.02,0.6778
2024-12,C3,249505471,2666.34,249505471,2666.34,0.0229
2024-12,C4,9888498,105.67,9888498,105.67,0.0009
2024-12,C5,1949634,20.84,1949634,20.84,0.0002
2024-12,C6,3377295258,36091.46,3243531074,34661.99,0.2982
2025-01,C1,21937032,214.17,21937032,214.17,0.0018
2025-01,C2,13009902485,127013.16,8502402252,83007.31,0.6915
2025-01,C3,260480579,2543.02,260480579,2543.02,0.0212
2025-01,C4,11546499,112.73,11546499,112.73,0.0009
2025-01,C5,2106292,20.56,2106292,20.56,0.0002
2025-01,C6,3781850915,36921.48,3497317093,34143.63,0.2844
2025-02,C1,64457272,764.16,64457272,764.16,0.0063
2025-02,C2,10923944719,129507.44,6808108272,80712.66,0.6602
2025-02,C3,404418410,4794.53,221913169,2630.86,0.0215
2025-02,C4,9528116,112.96,9528116,112.96,0.0009
2025-02,C5,1687530,20.01,1687530,20.01,0.0002
2025-02,C6,4618327159,54751.99,3206505075,38014.31,0.3109
2025-03,C1,90860732,1100.67,90860732,1100.67,0.0085
2025-03,C2,11137746880,134921.2,6857223687,83067.51,0.6433
2025-03,C3,479648266,5810.39,301068832,3647.11,0.0282
2025-03,C4,6431497,77.91,6431497,77.91,0.0006
2025-03,C5,167700,2.03,167700,2.03,0.0
2025-03,C6,4747557845,57511.3,3404229013,41238.39,0.3193
2025-04,C1,207966337,2208.37,207966337,2208.37,0.018
2025-04,C2,11851103110,125845.29,6985582414,74178.97,0.6045
2025-04,C3,638957263,6785.0,388591599,4126.4,0.0336
2025-04,C4,7176548,76.21,7176548,76.21,0.0006
2025-04,C5,191166,2.03,191166,2.03,0.0
2025-04,C6,5494901880,58349.63,3965896847,42113.33,0.3432
2025-05,C1,222948051,2131.6,222948051,2131.6,0.0179
2025-05,C2,11805434687,112871.43,7294580372,69743.28,0.5859
2025-05,C3,652706186,6240.51,442580686,4231.5,0.0355
2025-05,C4,8398040,80.29,8398040,80.29,0.0007
2025-05,C5,212445,2.03,212445,2.03,0.0
2025-05,C6,4609678061,44073.0,4482493932,42857.0,0.36
2025-06,C1,164277014,1533.2,164277014,1533.2,0.0145
2025-06,C2,10753761221,100365.03,6653604693,62098.2,0.5853
2025-06,C3,676044530,6309.53,460822190,4300.86,0.0405
2025-06,C4,8904088,83.1,8904088,83.1,0.0008
2025-06,C5,216729,2.02,216729,2.02,0.0
2025-06,C6,4204903802,39244.43,4080077228,38079.42,0.3589
2025-07,C1,171861038,1484.58,171861038,1484.58,0.0144
2025-07,C2,11115316289,96016.97,7011772323,60569.5,0.5862
2025-07,C3,738224480,6376.97,506225750,4372.91,0.0423
2025-07,C4,6868720,59.33,6868720,59.33,0.0006
2025-07,C5,2023305,17.48,2023305,17.48,0.0002
2025-07,C6,4399874483,38007.25,4262535301,36820.88,0.3564
2025-08,C1,209739968,1937.62,209739968,1937.62,0.0165
2025-08,C2,11080174993,102360.73,8029507593,74178.09,0.6332
2025-08,C3,802117378,7410.11,674251799,6228.86,0.0532
2025-08,C4,6261829,57.85,6261829,57.85,0.0005
2025-08,C5,295,0.0,295,0.0,0.0
2025-08,C6,3888471034,35922.42,3761405795,34748.57,0.2966
2025-09,C1,210217155,1843.22,210217155,1843.22,0.016
2025-09,C2,11414048618,100080.27,8707130446,76345.57,0.6625
2025-09,C3,947614606,8308.84,868325022,7613.62,0.0661
2025-09,C4,6546346,57.4,6546346,57.4,0.0005
2025-09,C5,564971,4.95,564971,4.95,0.0
2025-09,C6,3482738929,30537.23,3349669651,29370.46,0.2549
2025-10,C1,340786320,3109.14,340786320,3109.14,0.0268
2025-10,C2,10613004896,96826.91,8365675146,76323.58,0.6571
2025-10,C3,866009514,7900.97,789829779,7205.95,0.062
2025-10,C4,7382248,67.35,7382248,67.35,0.0006
2025-10,C5,99183,0.91,99183,0.91,0.0
2025-10,C6,3359651058,30651.51,3227743158,29448.06,0.2535
2025-11,C1,180815458,2001.06,180815458,2001.06,0.0208
2025-11,C2,8002073794,88557.7,6301237534,69734.81,0.7257
2025-11,C3,660095892,7305.18,660095892,7305.18,0.076
2025-11,C4,6842469,75.73,6842469,75.73,0.0008
2025-11,C5,158638,1.76,158638,1.76,0.0
2025-11,C6,1633536562,18078.09,1533744080,16973.71,0.1766
2025-12,C1,255371757,2913.6,255371757,2913.6,0.0282
2025-12,C2,8456012037,96476.71,6824041758,77857.17,0.7543
2025-12,C3,662309184,7556.45,662309184,7556.45,0.0732
2025-12,C4,8565558,97.73,8565558,97.73,0.0009
2025-12,C5,2940006,33.54,2940006,33.54,0.0003
2025-12,C6,1389866615,15857.33,1293837869,14761.71,0.143
2026-01,C1,256901897,3262.61,256901897,3262.61,0.0334
2026-01,C2,7323370445,93005.7,5812167670,73813.65,0.7546
2026-01,C3,552259051,7013.61,552259051,7013.61,0.0717
2026-01,C4,7602707,96.55,7602707,96.55,0.001
2026-01,C5,3284158,41.71,3284158,41.71,0.0004
2026-01,C6,1157345898,14698.12,1069604396,13583.82,0.1389
2026-02,C1,223593645,3338.55,223593645,3338.55,0.0377
2026-02,C2,5538494159,82697.1,4253411472,63509.1,0.7169
2026-02,C3,506660284,7565.11,506660284,7565.11,0.0854
2026-02,C4,7256511,108.35,7256511,108.35,0.0012
2026-02,C5,7618462,113.75,7618462,113.75,0.0013
2026-02,C6,1009647048,15075.38,934882793,13959.05,0.1576
2026-03,C1,226551014,3317.75,226551014,3317.75,0.0364
2026-03,C2,5901720144,86428.43,4549041674,66618.97,0.73
2026-03,C3,486336871,7122.22,486336871,7122.22,0.078
2026-03,C4,9461834,138.56,9461834,138.56,0.0015
2026-03,C5,13576745,198.83,13576745,198.83,0.0022
2026-03,C6,1022596449,14975.53,946845754,13866.19,0.1519
2026-04,C1,183825690,2407.78,183825690,2407.78,0.0265
2026-04,C2,6539898905,85660.68,5086741288,66626.98,0.7334
2026-04,C3,554782271,7266.63,554782271,7266.63,0.08
2026-04,C4,8801564,115.28,8801564,115.28,0.0013
2026-04,C5,12766282,167.22,12766282,167.22,0.0018
2026-04,C6,1173577863,15371.73,1089130029,14265.61,0.157
2026-05,C1,268725107,3647.47,268725107,3647.47,0.0401
2026-05,C2,6192365927,84050.45,4851575193,65851.58,0.7245
2026-05,C3,531811046,7218.4,531811046,7218.4,0.0794
2026-05,C4,9199398,124.87,9199398,124.87,0.0014
2026-05,C5,24077822,326.81,24077822,326.81,0.0036
2026-05,C6,1089021900,14781.56,1011108382,13724.02,0.151
2026-06,C1,386217224,6587.96,386217224,6587.96,0.0712
2026-06,C2,4836124019,82492.93,3849605872,65665.24,0.7093
2026-06,C3,416109125,7097.85,416109125,7097.85,0.0767
2026-06,C4,6716711,114.57,6716711,114.57,0.0012
2026-06,C5,15348057,261.8,15348057,261.8,0.0028
2026-06,C6,814558950,13894.47,753064073,12845.51,0.1388
2026-07,C1,517968580,8236.38,517968580,8236.38,0.089
2026-07,C2,4547746318,72315.15,4086213841,64976.17,0.7018
2026-07,C3,415303122,6603.86,415303122,6603.86,0.0713
2026-07,C4,7659261,121.79,7659261,121.79,0.0013
2026-07,C5,42524973,676.2,42524973,676.2,0.0073
2026-07,C6,819288953,13027.78,753011786,11973.88,0.1293
2026-08,C1,707312518,9001.03,707312518,9001.03,0.0988
2026-08,C2,4852961370,61757.21,4284675246,54525.39,0.5984
2026-08,C3,529290813,6735.58,529290813,6735.58,0.0739
2026-08,C4,691707281,8802.44,641153472,8159.11,0.0895
2026-08,C5,101818651,1295.71,101818651,1295.71,0.0142
2026-08,C6,978893373,12457.08,896130808,11403.87,0.1252
2026-09,C1,753164789,9277.94,753164789,9277.94,0.0993
2026-09,C2,5207489899,64149.03,4590574448,56549.49,0.605
2026-09,C3,536599352,6610.16,536599352,6610.16,0.0707
2026-09,C4,702552457,8654.47,648782904,7992.1,0.0855
2026-09,C5,134377065,1655.34,134377065,1655.34,0.0177
2026-09,C6,1009060285,12430.22,923623245,11377.75,0.1217
