product,slug,category_code,category_name,subcategory,tvl_usd,tvl_btc,source,method,offchain,double_count_note,include_net,justification
Kraken Bitcoin Vault (Advanced Strategies BTC),kraken-bitcoin-vault,C1,BTC collateral + USD loan -> strategy (carry),Curated carry vault (Veda/Sentora),527064401,6492.7,on-chain (Ink BoringVault) 2026-09-20; DefiLlama slug shows 0 (ignored),on-chain,0,Veda (Ink KBTC) and Sentora-curator KBTC are the same vault: excluded there. Possible overlap with Kraken Babylon stake not verifiable.,1,kBTC collateral on Morpho/Aave -> RLUSD/PYUSD/USDT debt -> Sentora V2 + Hastra PRIME: dollar loan against BTC.
Yield Basis,yield-basis,C1,BTC collateral + USD loan -> strategy (carry),Leveraged BTC/crvUSD LP (hybrid),107658264,1326.2,"on-chain depositor equity (LT pricePerShare x supply, all BTC markets v1-v3) 2026-09-20 12:00; history = month-end book value (yieldbasis/tvl_monthly.csv). DefiLlama BTC-token TVL counts the gross LP (incl. borrowed crvUSD side) and is not used",on-chain,0,,1,"User BTC + protocol-borrowed crvUSD -> 2x BTC/crvUSD Curve LP; dollar debt under BTC => C1 (hybrid LP, per plan rule)."
Bitget bgBTC Onchain Earn,aera-v3,C1,BTC collateral + USD loan -> strategy (carry),"Curated carry vault (Gauntlet Aera, Morpho on Morph)",65080403,801.7,on-chain: 801.7 bgBTC in Morpho on Morph; = DefiLlama aera-v3 BGBTC 801.6 units,on-chain,0,Same as DefiLlama aera-v3 BGBTC; bgBTC wrapper excluded.,1,bgBTC -> USDC loan on Morpho (Morph) -> Gauntlet USDC Prime: dollar loan against BTC.
Midas mHyperBTC (Hyperithm),midas-rwa,C1,BTC collateral + USD loan -> strategy (carry),NAV token: cbBTC collateral -> USDT/USDS loan -> Hyperithm USD strategies,28746753,354.12,"Midas oracle NAV 1.02606813 x supply 345.12 (Ethereum 284.07, Monad 57.07, Rootstock 3.98), 2026-09-21; history = month-end supply x NAV (mhyperbtc/tvl_monthly.csv)",on-chain,0,,1,"Strategy wallet posts cbBTC on Morpho/Spark, borrows USDT/USDS and deploys the dollars (Midas transparency API) => C1 (was C3)."
ether.fi Liquid BTC,ether.fi-liquid,C1,BTC collateral + USD loan -> strategy (carry),"Curated carry vault (Veda, Nonce)",18797578,231.56,on-chain: 223.90 shares (Ethereum 133.61 + Optimism 90.28) x accountant rate 1.03425 at 2026-09-20; history = month-end NAV rebuilt from positions (etherfi/tvl_monthly.csv),on-chain,0,"ether.fi-liquid WBTC (DefiLlama) covers the same vault.; C6 in 2025-06..07: no stablecoin debt, points-only book (Corn, Berachain)",1,WBTC/cbBTC on Spark -> PYUSD/USDC -> Cap stcUSD + Sentora: dollar loan against BTC. Only the BTC vault of ether.fi Liquid is counted.
Hermetica hBTC,hermetica-hbtc,C1,BTC collateral + USD loan -> strategy (carry),sBTC collateral -> USDh (wound down),3811469,46.95,DefiLlama /protocol/hermetica-hbtc (2026-09-20 00:00 UTC point),total,0,strategy wound down 18.06.2026; deposits closed 24.08.2026,1,BTC -> sBTC -> Zest collateral -> USDh -> sUSDh: dollar (USDh) loan against BTC. Historical C1; now ~1% and closing.
Tesseract TESS wBTC debt-loop vaults (IPOR Fusion),fusion-by-ipor,C1,BTC collateral + USD loan -> strategy (carry),Institutional carry vaults,1176652,14.49,DefiLlama yields pools (2026-09-20),yields-pools,0,,1,WBTC -> USDC loan on Morpho/Aave -> sUSDe/PYUSD/wsrUSD loops: dollar loan against BTC.
BTCD Labs / TAU BTC dollar-carry vaults (IPOR Fusion),fusion-by-ipor,C1,BTC collateral + USD loan -> strategy (carry),Carry vaults (small),534557,6.58,DefiLlama yields pools (2026-09-20),yields-pools,0,,1,"WBTC collateral -> stablecoin debt -> yield (""wBTC Dollar Carry"", ""TAU InfiniFi BTC Carry"")."
Acre acreBTC,acre,C1,BTC collateral + USD loan -> strategy (carry),tBTC -> Midas mRe7 (closed),294712,3.63,DefiLlama /protocol/acre (2026-09-20 00:00 UTC point),token-breakdown,0,closed; realized -1.24%,1,BTC -> tBTC -> macreBTC1 / borrow -> mRe7YIELD: historical dollar-carry case (per plan list).
Maple BTC Yield,maple,C1,BTC collateral + USD loan -> strategy (carry),Custodial collateral -> USDC -> Core dual staking,0,0.0,"on-chain reconstruction (Core CLTV stakes of the Maple cluster + Bitcoin hub payouts); history = max(staked on 1st of next month, mid-month) to smooth maturity rolls; 0 from 2025-11",on-chain,0,"wound down 11-2025: 85% of BTC principal returned, 15% held back until the May-2026 settlement",1,BTC at Copper/BitGo as collateral -> USDC -> CORE + hedge -> Core dual staking: dollar loan against BTC. Size unmeasured (blank).
"Babylon (BTC staking) - other stakers (Kraken, Binance, OKX, Figment, direct)",babylon-protocol,C2,Staking & restaking,Native BTC staking (self-custodial),3056225245,37648.44,DefiLlama /protocol/babylon-protocol (2026-09-20 00:00 UTC point),token-breakdown,0,Babylon split by finality-provider attribution (Babylon LCD active delegations 2026-09-21).,1,Timelocked native BTC secures PoS chains; rewards in BABY. ~80% of active stake is Kraken exchange staking (FP data).
Babylon (BTC staking) - stake attributed to listed LSTs/products,babylon-protocol,C2,Staking & restaking,Native BTC staking (self-custodial),298820284,3681.05,DefiLlama /protocol/babylon-protocol (2026-09-20 00:00 UTC point),token-breakdown,0,"counted in: Gate GTBTC 3,455, Bedrock uniBTC 153, Lombard LBTC 42, SolvBTC LSTs (SolvBTC.BBN etc.) 31 BTC",0,Timelocked native BTC secures PoS chains; rewards in BABY. ~80% of active stake is Kraken exchange staking (FP data).
Gate GTBTC,gtbtc,C2,Staking & restaking,Exchange BTC LST (Babylon),281564412,3468.48,DefiLlama /protocol/gtbtc (2026-09-20 00:00 UTC point),token-breakdown,0,GTBTC BTC is staked in Babylon (Gate Earn FP); the Babylon row excludes it.,1,"Gate stakes the BTC in Babylon (Gate Earn FP 3,455 BTC ~ GTBTC 3,468 BTC)."
b14g,b14g,C2,Staking & restaking,Dual staking (Core / Babylon Genesis),258229490,3181.03,DefiLlama /protocol/b14g (2026-09-20 00:00 UTC point),token-breakdown,0,,1,Native BTC timelocked for Core/Babylon dual staking; rewards in partner tokens.
Symbiotic (BTC vaults) - direct / other holders,symbiotic,C2,Staking & restaking,Restaking collateral,226532040,2790.56,DefiLlama /protocol/symbiotic (2026-09-20 00:00 UTC point),token-breakdown,0,uniBTC/LBTC inside Symbiotic counted here (holder); 582.8 LBTC = Lombard BTCe credit cover counted in Lombard Vaults.,1,"BTC collateral (uniBTC, LBTC, SolvBTC) restaked in Symbiotic vaults."
Bedrock uniBTC - held inside other listed products,bedrock-unibtc,C2,Staking & restaking,"BTC LRT (Babylon, Symbiotic)",220815452,2720.14,DefiLlama /protocol/bedrock-unibtc (2026-09-20 00:00 UTC point),token-breakdown,0,"counted at holder level: Symbiotic (BTC vaults) $211.9M, Mellow restaking (uniBTC) $8.7M, Corn Kernels pre-deposit $0.1M, B2 Buzz Farming $0.1M, SatLayer $0.1M",0,Liquid restaking BTC (Babylon + Symbiotic points/rewards).
CIAN Yield Layer (BTC vaults),cian-yield-layer,C2,Staking & restaking,BTC LST yield layer,199898734,2462.47,DefiLlama /protocol/cian-yield-layer (2026-09-20 00:00 UTC point),token-breakdown,0,,1,Locked FBTC / pumpBTC vaults deploying into BTC staking/restaking yield.
Core BTC staking (Satoshi Plus),-,C2,Staking & restaking,Native BTC timelock staking,179425242,2210.27,Core staking API /staking/summary/overall stakedBTCAmount (read 2026-09-21),on-chain API,0,May overlap b14g (partly Core-staked) and Maple BTC Yield: unmeasured; included in net (range in overlap.md).; current only; may overlap b14g and Maple BTC Yield (unmeasured),1,Non-custodial timelocked BTC delegated to Core validators; rewards in CORE.
exSat Staking BTC,exsat-staking-btc,C2,Staking & restaking,BTC staking (docking layer),178262898,2195.95,DefiLlama /protocol/exsat-staking-btc (2026-09-20 00:00 UTC point),token-breakdown,0,,1,BTC staked to exSat (XSAT rewards); XBTC-style receipt.
Bedrock uniBTC - direct / other holders,bedrock-unibtc,C2,Staking & restaking,"BTC LRT (Babylon, Symbiotic)",152179840,1874.64,DefiLlama /protocol/bedrock-unibtc (2026-09-20 00:00 UTC point),token-breakdown,0,uniBTC deposited in Symbiotic/Mellow/others counted at holder; 153 BTC Babylon stake excluded from Babylon.,1,Liquid restaking BTC (Babylon + Symbiotic points/rewards).
SolvBTC LSTs (SolvBTC.BBN etc.) - direct / other holders,solvbtc-lsts,C2,Staking & restaking,BTC LST (Babylon/Core),78653160,968.9,DefiLlama /protocol/solvbtc-lsts (2026-09-20 00:00 UTC point),token-breakdown,0,,1,SolvBTC staked via Babylon/Core LST wrappers.
Vishwa,vishwa,C2,Staking & restaking,Anchor BTC (mechanism undisclosed),70220793,865.02,DefiLlama /protocol/vishwa (2026-09-20 00:00 UTC point),token-breakdown,0,yield mechanism not verified; placed in C2 by DefiLlama Anchor-BTC grouping,1,DefiLlama Anchor BTC; native BTC on Bitcoin; yield source not disclosed.
Symbiotic (BTC vaults) - LBTC credit cover for Lombard BTCe,symbiotic,C2,Staking & restaking,Restaking collateral,47419171,584.14,DefiLlama /protocol/symbiotic (2026-09-20 00:00 UTC point),token-breakdown,0,counted in Lombard Vaults (BTCOC),0,"BTC collateral (uniBTC, LBTC, SolvBTC) restaked in Symbiotic vaults."
Starknet BTC Staking,starknet-btc-staking,C2,Staking & restaking,BTC staking on L2,47403254,583.94,DefiLlama /protocol/starknet-btc-staking (2026-09-20 00:00 UTC point),token-breakdown,0,,1,WBTC/SolvBTC/tBTC staked for Starknet consensus; rewards in STRK.
ObeliskBTC,obeliskbtc,C2,Staking & restaking,BTC restaking/asset mgmt,25867587,318.65,DefiLlama /protocol/obeliskbtc (2026-09-20 00:00 UTC point),token-breakdown,0,mechanism not verified,1,"""Bitcoin asset management through restaking"" (DefiLlama description)."
PumpBTC - held inside other listed products,pumpbtc,C2,Staking & restaking,Babylon LRT,24654715,303.71,DefiLlama /protocol/pumpbtc (2026-09-20 00:00 UTC point),token-breakdown,0,counted at holder level: CIAN Yield Layer (BTC vaults) $24.6M,0,Babylon liquid restaking token.
ether.fi eBTC,ether.fi-stake,C2,Staking & restaking,BTC restaking vault,22453775,276.6,DefiLlama yields pools (2026-09-20),yields-pools,0,"gross only: eBTC is a Veda BoringVault, presumed inside the Veda (other BTC vaults) balance; yields-pool history starts 2026-01",0,eBTC (Veda vault) restakes LBTC/WBTC/cbBTC (Karak/Symbiotic/EigenLayer).
Mellow restaking (uniBTC),mellow-restaking,C2,Staking & restaking,Restaking vault,8722753,107.45,DefiLlama /protocol/mellow-restaking (2026-09-20 00:00 UTC point),token-breakdown,0,,1,uniBTC restaking vault.
PumpBTC - direct / other holders,pumpbtc,C2,Staking & restaking,Babylon LRT,3135598,38.63,DefiLlama /protocol/pumpbtc (2026-09-20 00:00 UTC point),token-breakdown,0,,1,Babylon liquid restaking token.
Endur (Starknet BTC LSTs),endur,C2,Staking & restaking,LST on Starknet BTC staking,2631947,32.42,DefiLlama /protocol/endur (2026-09-20 00:00 UTC point),token-breakdown,0,Endur LSTs delegate into Starknet BTC Staking: counted there.,0,BTC LSTs that delegate into Starknet BTC staking: presumed nested in the Starknet BTC Staking row.
Fragmetric (zBTC),fragmetric,C2,Staking & restaking,Restaking (Solana),1316046,16.21,DefiLlama /protocol/fragmetric (2026-09-20 00:00 UTC point),token-breakdown,0,,1,fragBTC restaking.
Solv Others (M-BTC),solv-others,C2,Staking & restaking,BTC LST (small),1091406,13.44,DefiLlama /protocol/solv-others (2026-09-20 00:00 UTC point),token-breakdown,0,,1,Solv LST backing on Merlin (small).
Swell swBTC,swell-btc-lrt,C2,Staking & restaking,BTC LRT,474154,5.84,DefiLlama /protocol/swell-btc-lrt (2026-09-20 00:00 UTC point),token-breakdown,0,historical: ~0 today,1,BTC liquid restaking token.
EigenLayer / EigenCloud (BTC part),eigencloud,C2,Staking & restaking,Restaking,328936,4.05,DefiLlama /protocol/eigencloud (2026-09-20 00:00 UTC point),token-breakdown,0,,1,tBTC/WBTC/LBTC restaked.
Pell Network,pell-network,C2,Staking & restaking,BTC restaking,197588,2.43,DefiLlama /protocol/pell-network (2026-09-20 00:00 UTC point),token-breakdown,0,,1,Omnichain BTC restaking.
SatLayer,satlayer,C2,Staking & restaking,BTC restaking (BVS),176748,2.18,DefiLlama /protocol/satlayer (2026-09-20 00:00 UTC point),token-breakdown,0,,1,BTC restaking for Bitcoin Validated Services.
SolvBTC LSTs (SolvBTC.BBN etc.) - held inside other listed products,solvbtc-lsts,C2,Staking & restaking,BTC LST (Babylon/Core),114940,1.42,DefiLlama /protocol/solvbtc-lsts (2026-09-20 00:00 UTC point),token-breakdown,0,counted at holder level: ,0,SolvBTC staked via Babylon/Core LST wrappers.
Lorenzo stBTC,lorenzo-stbtc,C2,Staking & restaking,Babylon LST,27309,0.34,DefiLlama /protocol/lorenzo-stbtc (2026-09-20 00:00 UTC point),total,0,,1,Babylon LST (now ~0).
BitFi bfBTC (EVM chains),bitfi-basis,C3,Basis & delta-neutral,CeDeFi basis,229337990,2825.12,DefiLlama /protocol/bitfi-basis (2026-09-20 00:00 UTC point),token-breakdown,0,"bfBTC mechanism = BitFi CeDeFi (basis/staking), not verified",1,bfBTC supply on BSC/Ethereum/Base/Pharos; BitFi CeDeFi strategies (basis).
Solv Basis Trading (SolvBTC.TRADING),solv-basis-trading,C3,Basis & delta-neutral,CEX basis fund,200685805,2472.17,DefiLlama /protocol/solv-basis-trading (2026-09-20 00:00 UTC point),token-breakdown,0,SolvBTC.TRADING supply; base SolvBTC wrapper excluded; no overlap with SolvBTC LSTs (different token supply).,1,SolvBTC deployed into CEX basis trading.
BitFi bfBTC (AILayer),bitfi-btc,C3,Basis & delta-neutral,CeDeFi basis,82564735,1017.08,DefiLlama /protocol/bitfi-btc (2026-09-20 00:00 UTC point),token-breakdown,0,"same token as BitFi Basis, different chain",1,bfBTC on AILayer; same BitFi CeDeFi product.
Starboard Sygnum BTC Alpha Fund,-,C3,Basis & delta-neutral,Off-chain market-neutral overlay fund,60883500,750.0,fund disclosures (dossier),disclosed,1,"""750+ BTC"" disclosed: lower bound",1,"Directional BTC + market-neutral overlay (perps, futures, options)."
Syntetika hBTC disclosed AUM (memo),syntetika,C3,Basis & delta-neutral,Memo: same as on-chain Syntetika row,16100000,198.33,Syntetika/Hilbert disclosures,disclosed,1,memo only: ~$16.1M disclosed vs $15.1M on-chain (DefiLlama); counted once via the on-chain row,0,See on-chain Syntetika row.
Syntetika hBTC (Hilbert BTC Basis+),syntetika,C3,Basis & delta-neutral,"Basis+ fund token (on-chain, Base)",15143828,186.55,DefiLlama /protocol/syntetika (2026-09-20 00:00 UTC point),token-breakdown,0,Same product as the off-chain Syntetika memo row (not double counted).,1,"cbBTC -> hBTC: basis + curve arb + short options, NAV fund (Hilbert Capital)."
Multipli xWBTC,multipli.fi,C3,Basis & delta-neutral,"Delta-neutral fund access (mechanism per Multipli, not verified)",3836299,47.26,"DefiLlama yields pool, cross-check 2026-09-23 (2026-09-20 point)",yields-pool,0,Pools: xWBTC.,1,"xWBTC routes WBTC to institutional delta-neutral strategies (Multipli names Nomura, Fasanara and Edge Capital)."
DeSyn Basis Trading (BTC),desyn-basis-trading,C3,Basis & delta-neutral,Basis,1803217,22.21,DefiLlama /protocol/desyn-basis-trading (2026-09-20 00:00 UTC point),token-breakdown,0,,1,"Basis trading fund, WBTC part."
Hope (BTC basis collateral),hope-collateral,C3,Basis & delta-neutral,Basis,1651130,20.34,DefiLlama /protocol/hope-collateral (2026-09-20 00:00 UTC point),token-breakdown,0,,1,DefiLlama Basis Trading; BTC collateral.
Midas mRe7BTC (Re7),midas-rwa,C3,Basis & delta-neutral,Market-neutral NAV token,758947,9.35,DefiLlama yields pools (2026-09-20),yields-pools,0,,1,BTC-denominated market-neutral strategies (Re7).
Manta CeDeFi (BTC),manta-cedefi,C3,Basis & delta-neutral,CeDeFi basis,650657,8.02,DefiLlama /protocol/manta-cedefi (2026-09-20 00:00 UTC point),token-breakdown,0,,1,CeDeFi delta-neutral.
Liminal Basis (BTC),liminal-basis,C3,Basis & delta-neutral,Basis on Hyperliquid,117907,1.45,DefiLlama /protocol/liminal-basis (2026-09-20 00:00 UTC point),token-breakdown,0,,1,Delta-neutral basis on Hyperliquid.
Coinbase Bitcoin Yield Fund (CBYF),-,C3,Basis & delta-neutral,Off-chain cash-and-carry fund,,,Coinbase disclosures (AUM not disclosed),disclosed,1,AUM not disclosed (blank),0,Spot BTC vs derivatives (cash-and-carry); USCBYF adds private credit.
Lombard LBTC - direct / other holders,lombard-lbtc,C4,Options selling,LST -> covered call (Bitwise) from 13.08.2026,636157954,7836.58,DefiLlama /protocol/lombard-lbtc (2026-09-20 00:00 UTC point),token-breakdown,0,"LBTC -> LBTCv/BTCe (Lombard Vaults) and other holders counted once at the holder; LBTC in Babylon is ~0 (42 BTC).; category switches C2->C4 at 2026-08 (Babylon LST until Aug-2026, then off-chain covered call)",1,Babylon LST until Aug-2026; since 13.08.2026 yield = Bitwise off-chain covered-call program => C4 from 2026-08.
Lombard LBTC - held inside other listed products,lombard-lbtc,C4,Options selling,LST -> covered call (Bitwise) from 13.08.2026,53769553,662.37,DefiLlama /protocol/lombard-lbtc (2026-09-20 00:00 UTC point),token-breakdown,0,"counted at holder level: Lombard Vaults (LBTCv / BTCe) $53.2M, Veda (other BTC vaults, excl. Kraken) $0.2M, Trevee / Rings earn (BTC) $0.1M, SatLayer $0.1M; category switches C2->C4 at 2026-08 (Babylon LST until Aug-2026, then off-chain covered call)",0,Babylon LST until Aug-2026; since 13.08.2026 yield = Bitwise off-chain covered-call program => C4 from 2026-08.
Rysk V12 (BTC part),rysk-v12,C4,Options selling,On-chain covered calls / CSPs,6900332,85.0,DefiLlama /protocol/rysk-v12 (2026-09-20 00:00 UTC point),token-breakdown,0,,1,WBTC/UBTC underwrite covered calls.
D2 Finance (UBTC),d2-finance,C4,Options selling,Derivatives strategy vault,3193081,39.33,DefiLlama /protocol/d2-finance (2026-09-20 00:00 UTC point),token-breakdown,0,strategy mix not verified,1,Options/derivatives yield vault.
Ribbon (WBTC theta vault),ribbon,C4,Options selling,DOV (legacy),1738585,21.42,DefiLlama /protocol/ribbon (2026-09-20 00:00 UTC point),token-breakdown,0,,1,WBTC covered-call theta vault.
Hegic (WBTC pool),hegic,C4,Options selling,Option writing pool,792952,9.77,DefiLlama /protocol/hegic (2026-09-20 00:00 UTC point),token-breakdown,0,,1,Peer-to-pool option writing with WBTC.
Lombard LBTC covered call (Bitwise) (memo),lombard-lbtc,C4,Options selling,Memo: already counted via LBTC,,,Lombard/Bitwise announcement,disclosed,1,memo only: the covered-call program runs on LBTC collateral already counted in the LBTC row,0,See LBTC row.
Hilbert Xapo Byzantine BTC Credit Fund,-,C5,Credit to institutions,Off-chain BTC credit fund,100003178,1231.9,"disclosed: $100M phase-1 allocations; 3,000 BTC seed (2024); fund page (launch 15.09.2024, net 2.94%) gives no AUM",disclosed,1,"ESTIMATE: $100M phase-1 allocation used (=1,231.9 BTC); range up to 3,000 BTC (2024 seed)",1,"Short BTC loans to tier-1 institutions, no leverage, no DeFi."
Lombard Vaults (LBTCv / BTCe),lombard-vaults,C5,Credit to institutions,Sentora-managed vault; BTCe credit leg (Cap/Symbiotic) from 07-2026,74619732,919.21,DefiLlama /protocol/lombard-vaults (2026-09-20 00:00 UTC point),token-breakdown,0,"Holds LBTC/BTCOC (LBTC-backed): counted here, removed from LBTC.; C6 (DeFi money-market/points vault) until 2026-06; C5 from 2026-07 (first-loss cover for Flow Traders loan on Cap)",1,BTCe credit leg: LBTC delegated via Symbiotic as slashable cover for an institutional loan => C5 (plan). Earlier LBTCv = DeFi/points vault.
Accountable YieldApp (cbBTC/wcBTC),accountable,C5,Credit to institutions,Uncollateralized credit vaults,47789815,588.7,DefiLlama /protocol/accountable (2026-09-20 00:00 UTC point),token-breakdown (+borrowed),0,,1,"cbBTC lent to verified borrowers (Monad/Citrea); DefiLlama books it as borrowed, so borrowed + idle are counted."
Wildcat (BTC),wildcat-protocol,C5,Credit to institutions,Uncollateralized credit to market makers,13067073,160.97,"DefiLlama yields pool, cross-check 2026-09-23 (total supplied on the 2026-09-23 page)",lend-borrow (page),0,Snapshot only; DefiLlama history counts only undrawn BTC.,1,"Lending: BTC lent to market makers (Wintermute and others), uncollateralized."
Two Prime Axiom WBTC Vault (Pareto),pareto-credit,C5,Credit to institutions,Institutional BTC lending,12176700,150.0,"dossier: 150 WBTC first-loss (vault TVL $12.1M), live since 16.09.2026; on-chain Pareto vault not tracked by DefiLlama",disclosed,1,,1,WBTC lent to institutions; sole borrower on Pareto is Two Prime itself.
Solv RWA (SolvBTC),solv-rwa,C5,Credit to institutions,RWA/credit,8320000,102.49,DefiLlama /protocol/solv-rwa (2026-09-20 00:00 UTC point),token-breakdown,0,constant value in DefiLlama; mechanism not verified,1,SolvBTC allocated to RWA/credit strategies.
Native Credit Pool (BTC part),native-credit-pool,C5,Credit to institutions,Credit to market makers,3647518,44.93,DefiLlama /protocol/native-credit-pool (2026-09-20 00:00 UTC point),token-breakdown,0,,1,BTC lent to Native PMM market makers.
B2 Buzz Farming,buzz-farming,C6,"LP, emissions, farming, DeFi vaults",L2 points/emissions farm,261519270,3221.55,DefiLlama /protocol/buzz-farming (2026-09-20 00:00 UTC point),token-breakdown,0,,1,BTC on B2 farming B2 points/partner rewards.
"Veda (other BTC vaults, excl. Kraken)",veda,C6,"LP, emissions, farming, DeFi vaults",DeFi strategy vaults (unidentified),109546051,1349.45,DefiLlama /protocol/veda (2026-09-20 00:00 UTC point),token-breakdown (minus etherfi-liquid-btc),0,"vaults not identified (mostly Ethereum WBTC, 1,449 BTC); ether.fi Liquid BTC (a Veda vault, counted in C1) subtracted each month: DefiLlama Veda Optimism WBTC 93.3 = liquidBTC Optimism shares",1,Veda BoringVault BTC balances outside the Kraken vault.
AILayer farm (AINN),ailayer-farm,C6,"LP, emissions, farming, DeFi vaults",L2 points farm,84566862,1041.75,DefiLlama /protocol/ailayer-farm (2026-09-20 00:00 UTC point),token-breakdown,0,"Presumed same BTC as bfBTC on AILayer.; presumed same BTC as BitFi bfBTC on AILayer (84.6 vs 82.6 $M, co-moving)",0,BTC staked to AINN L2 for points.
Solv Strategies,solv-strategies,C6,"LP, emissions, farming, DeFi vaults",DeFi strategy vaults,70136942,863.99,DefiLlama /protocol/solv-strategies (2026-09-20 00:00 UTC point),token-breakdown,0,,1,SolvBTC in LP/farming strategies.
Mezo Earn (veBTC),mezo-earn,C6,"LP, emissions, farming, DeFi vaults",Vote-escrow BTC (emissions/fees),66030925,813.41,DefiLlama /protocol/mezo-earn (2026-09-20 00:00 UTC point),token-breakdown,0,,1,BTC locked as veBTC; MUSD-denominated voting APR.
Zest v2 (sBTC supply),zest-v2,C6,"LP, emissions, farming, DeFi vaults",Incentivised supply (Stacks),54925386,676.6,DefiLlama /protocol/zest-v2 (2026-09-20 00:00 UTC point),token-breakdown (+borrowed),0,"STBTC ($10.9M) excluded: yields API lists it as stSTXbtc (STX LST), DefiLlama prices it as BTC",1,sBTC supply earning mostly incentive-driven APY (plan: Zest supply in C6). Supplied = idle + borrowed.
Uniswap v3 BTC-pair pools (over $1M),uniswap-v3,C6,"LP, emissions, farming, DeFi vaults",DEX LP (BTC pairs),42951149,529.1,"DefiLlama yields pool, cross-check 2026-09-23 (2026-09-20 point)",yields-pool,0,Pools: WBTC/kBTC 0.01% x0.42; WBTC/cbBTC 0.01%; WBTC/SolvBTC 0.05%; tBTC/WBTC 0.01%; uniBTC/WBTC 0.05% x0.5; WBTC/FBTC 0.3%; tBTC/WBTC 0.05%; WBTC/cbBTC 0.01% (Arbitrum); WBTC/stBTC 0.05% x0.5.,1,BTC-pair DEX pools over $1M (in scope since the 2026-09-23 cross-check); trading fees in BTC.
Uniswap v4 BTC-pair pools (over $1M),uniswap-v4,C6,"LP, emissions, farming, DeFi vaults",DEX LP (BTC pairs),35553102,437.96,"DefiLlama yields pool, cross-check 2026-09-23 (2026-09-20 point)",yields-pool,0,Pools: WBTC/cbBTC 0.01%; WBTC/cbBTC 0.01% (second pool); BTC.b/cbBTC 0.01%; tBTC/cbBTC 0.01%; LBTC/cbBTC 0.02% x0.5.,1,BTC-pair DEX pools over $1M (in scope since the 2026-09-23 cross-check); trading fees in BTC.
Proxy (PRXY BTC strategies),proxy,C6,"LP, emissions, farming, DeFi vaults","Token-incentive (3,3)",21211046,261.29,DefiLlama /protocol/proxy (2026-09-20 00:00 UTC point),token-breakdown,0,,1,"WBTC in ""Bitcoin Yield Strategies"" with PRXY emissions."
Fluid DEX BTC pools (over $1M),fluid-dex,C6,"LP, emissions, farming, DeFi vaults",DEX LP (BTC pairs),20431264,251.68,"DefiLlama yields pool, cross-check 2026-09-23 (2026-09-20 point)",yields-pool,0,Pools: WBTC/cbBTC; eBTC/cbBTC x0.5; WBTC/LBTC x0.5.,1,"BTC-pair DEX pools over $1M; Fluid pools double as smart collateral, so part of this BTC also backs loans."
Lagoon (BTC vaults),lagoon,C6,"LP, emissions, farming, DeFi vaults",Yield aggregator / DeFi vault,17862085,220.04,DefiLlama /protocol/lagoon (2026-09-20 00:00 UTC point),token-breakdown,0,,1,"BTC deposits in aggregator/strategy vaults (LP fees, emissions, lending)."
Convex (BTC LPs),convex-finance,C6,"LP, emissions, farming, DeFi vaults",Yield aggregator / DeFi vault,16753088,206.37,DefiLlama /protocol/convex-finance (2026-09-20 00:00 UTC point),token-breakdown,0,,1,"BTC deposits in aggregator/strategy vaults (LP fees, emissions, lending)."
Ember (BTC vaults),ember-protocol,C6,"LP, emissions, farming, DeFi vaults",Yield aggregator / DeFi vault,15421744,189.97,DefiLlama /protocol/ember-protocol (2026-09-20 00:00 UTC point),token-breakdown,0,,1,"BTC deposits in aggregator/strategy vaults (LP fees, emissions, lending)."
"Curve BTC pools (over $1M, LP not staked via Convex or Stake DAO)",curve-dex,C6,"LP, emissions, farming, DeFi vaults",DEX LP (BTC pairs),13465326,165.87,"DefiLlama yields pool, cross-check 2026-09-23 (2026-09-20 point)",yields-pool,0,"Pools: tBTC/WBTC 2BTC-f, less Stake DAO x0.93; cbBTC/WBTC/LBTC (Monad), less the LBTC third x0.667; pumpBTC/WBTC x0.5; WBTC/tBTC 2BTC-ng (Arbitrum), less Stake DAO and Beefy x0.207.",1,BTC-pair DEX pools over $1M; the LP staked through Convex or Stake DAO is already counted in those rows.
Mellow Core (BTC vaults),mellow-core,C6,"LP, emissions, farming, DeFi vaults",Yield aggregator / DeFi vault,13292360,163.74,DefiLlama /protocol/mellow-core (2026-09-20 00:00 UTC point),token-breakdown,0,,1,"BTC deposits in aggregator/strategy vaults (LP fees, emissions, lending)."
Beefy (BTC vaults),beefy,C6,"LP, emissions, farming, DeFi vaults",Yield aggregator / DeFi vault,12327964,151.86,DefiLlama /protocol/beefy (2026-09-20 00:00 UTC point),token-breakdown,0,,1,"BTC deposits in aggregator/strategy vaults (LP fees, emissions, lending)."
"GMX v2 BTC-only pool (GM BTC/USD, WBTC.b)",gmx-v2-perps,C6,"LP, emissions, farming, DeFi vaults",Perp LP: counterparty to traders,10666083,131.39,"DefiLlama yields pool, cross-check 2026-09-23 (2026-09-20 point)",yields-pool,0,Pools: GM BTC/USD [WBTC.b-WBTC.b] (Arbitrum).,1,"BTC-only GM pool: LPs earn trading, borrowing and funding fees and take the other side of traders; paid in BTC."
Yearn (BTC vaults),yearn-finance,C6,"LP, emissions, farming, DeFi vaults",Yield aggregator / DeFi vault,9966404,122.77,DefiLlama /protocol/yearn-finance (2026-09-20 00:00 UTC point),token-breakdown,0,,1,"BTC deposits in aggregator/strategy vaults (LP fees, emissions, lending)."
Across WBTC pool (bridge liquidity),across,C6,"LP, emissions, farming, DeFi vaults",Bridge LP: relayer fees,9355901,115.25,"DefiLlama yields pool, cross-check 2026-09-23 (2026-09-20 point)",yields-pool,0,Pools: WBTC LP.,1,Single-sided WBTC for bridge fills; relayer fees plus ACX rewards.
Badger DAO (BTC vaults),badger-dao,C6,"LP, emissions, farming, DeFi vaults",Yield aggregator / DeFi vault,9195466,113.28,DefiLlama /protocol/badger-dao (2026-09-20 00:00 UTC point),token-breakdown,0,,1,"BTC deposits in aggregator/strategy vaults (LP fees, emissions, lending)."
Volo vault (xBTC),volo-vault,C6,"LP, emissions, farming, DeFi vaults",Yield aggregator / DeFi vault,8902334,109.66,DefiLlama /protocol/volo-vault (2026-09-20 00:00 UTC point),token-breakdown,0,,1,"BTC deposits in aggregator/strategy vaults (LP fees, emissions, lending)."
YO Protocol (yoBTC),yo-protocol,C6,"LP, emissions, farming, DeFi vaults",Yield aggregator / DeFi vault,8830930,108.78,DefiLlama /protocol/yo-protocol (2026-09-20 00:00 UTC point),token-breakdown,0,,1,"BTC deposits in aggregator/strategy vaults (LP fees, emissions, lending)."
Upshift (BTC vaults),upshift,C6,"LP, emissions, farming, DeFi vaults",DeFi strategy vaults,8300705,102.25,DefiLlama /protocol/upshift (2026-09-20 00:00 UTC point),token-breakdown,0,,1,BTC vaults (August/Sentora/Hyperbeat).
Avant avBTC,avant-avbtc,C6,"LP, emissions, farming, DeFi vaults",Yield aggregator / DeFi vault,8274646,101.93,DefiLlama /protocol/avant-avbtc (2026-09-20 00:00 UTC point),token-breakdown,0,,1,"BTC deposits in aggregator/strategy vaults (LP fees, emissions, lending)."
Stake DAO (BTC LPs),stake-dao-yield,C6,"LP, emissions, farming, DeFi vaults",Yield aggregator / DeFi vault,7359792,90.66,DefiLlama /protocol/stake-dao-yield (2026-09-20 00:00 UTC point),token-breakdown,0,,1,"BTC deposits in aggregator/strategy vaults (LP fees, emissions, lending)."
t3tris (WBTC),t3tris-finance,C6,"LP, emissions, farming, DeFi vaults",Yield aggregator / DeFi vault,6804602,83.82,DefiLlama /protocol/t3tris-finance (2026-09-20 00:00 UTC point),token-breakdown,0,,1,"BTC deposits in aggregator/strategy vaults (LP fees, emissions, lending)."
Bancor v3 WBTC pool,bancor-v3,C6,"LP, emissions, farming, DeFi vaults",DEX LP (single-sided WBTC),5342660,65.81,"DefiLlama yields pool, cross-check 2026-09-23 (2026-09-20 point)",yields-pool,0,Pools: WBTC.,1,Single-sided WBTC pool over $1M; pays almost nothing since Bancor v3 wound down.
Chainflip AMM (native BTC),chainflip-amm,C6,"LP, emissions, farming, DeFi vaults",DEX LP (native BTC),5282455,65.07,"DefiLlama yields pool, cross-check 2026-09-23 (2026-09-20 point)",yields-pool,0,Pools: BTC.,1,Native BTC liquidity for cross-chain swaps; was excluded with all DEX LPs until 2026-09-23.
Yield Yak (BTC),yield-yak-aggregator,C6,"LP, emissions, farming, DeFi vaults",Yield aggregator / DeFi vault,5092432,62.73,DefiLlama /protocol/yield-yak-aggregator (2026-09-20 00:00 UTC point),token-breakdown,0,,1,"BTC deposits in aggregator/strategy vaults (LP fees, emissions, lending)."
"Orca BTC pools (Solana, over $1M)",orca-dex,C6,"LP, emissions, farming, DeFi vaults",DEX LP (BTC pairs),4335450,53.41,"DefiLlama yields pool, cross-check 2026-09-23 (2026-09-20 point)",yields-pool,0,Pools: cbBTC/FBTC; cbBTC/WBTC.,1,BTC-pair DEX pools over $1M on Solana.
"Ekubo BTC pools (Starknet, over $1M)",ekubo,C6,"LP, emissions, farming, DeFi vaults",DEX LP (BTC pairs),4181108,51.51,"DefiLlama yields pool, cross-check 2026-09-23 (2026-09-20 point)",yields-pool,0,"Pools: WBTC/strkBTC, less Troves x0.689; SolvBTC/strkBTC.",1,BTC-pair DEX pools over $1M on Starknet; the LP held by Troves is counted in the Troves row.
Belt (BTCB),belt-finance,C6,"LP, emissions, farming, DeFi vaults",Yield aggregator / DeFi vault,3732503,45.98,DefiLlama /protocol/belt-finance (2026-09-20 00:00 UTC point),token-breakdown,0,,1,"BTC deposits in aggregator/strategy vaults (LP fees, emissions, lending)."
IPOR Fusion (other BTC vaults),fusion-by-ipor,C6,"LP, emissions, farming, DeFi vaults",Yield aggregator / DeFi vault,3651234,44.98,DefiLlama /protocol/fusion-by-ipor (2026-09-20 00:00 UTC point),token-breakdown,0,,1,IPOR Fusion BTC vaults other than the Tesseract/BTCD carry vaults.
UltraYield vaults (cbBTC),ultrayield-vaults,C6,"LP, emissions, farming, DeFi vaults",Yield aggregator / DeFi vault,3576039,44.05,DefiLlama /protocol/ultrayield-vaults (2026-09-20 00:00 UTC point),token-breakdown,0,,1,"BTC deposits in aggregator/strategy vaults (LP fees, emissions, lending)."
Tranchess (BTCB),tranchess-yield,C6,"LP, emissions, farming, DeFi vaults",Yield aggregator / DeFi vault,3559624,43.85,DefiLlama /protocol/tranchess-yield (2026-09-20 00:00 UTC point),token-breakdown,0,,1,"BTC deposits in aggregator/strategy vaults (LP fees, emissions, lending)."
Troves (BTC),troves,C6,"LP, emissions, farming, DeFi vaults",Yield aggregator / DeFi vault,3046131,37.52,DefiLlama /protocol/troves (2026-09-20 00:00 UTC point),token-breakdown,0,,1,"BTC deposits in aggregator/strategy vaults (LP fees, emissions, lending)."
Katana pre-launch (WBTC),katana-pre-launch,C6,"LP, emissions, farming, DeFi vaults",Yield aggregator / DeFi vault,2735388,33.7,DefiLlama /protocol/katana-pre-launch (2026-09-20 00:00 UTC point),token-breakdown,0,,1,"BTC deposits in aggregator/strategy vaults (LP fees, emissions, lending)."
Hydration Omnipool tBTC (Polkadot),hydration-dex,C6,"LP, emissions, farming, DeFi vaults",DEX LP (single-sided tBTC),2416141,29.76,"DefiLlama yields pool, cross-check 2026-09-23 (2026-09-20 point)",yields-pool,0,Pools: tBTC in the Omnipool.,1,"Single-sided tBTC in the Hydration Omnipool, over $1M; HDX rewards on top."
Concrete (BTC vaults),concrete,C6,"LP, emissions, farming, DeFi vaults",DeFi strategy vaults,2397212,29.53,DefiLlama /protocol/concrete (2026-09-20 00:00 UTC point),token-breakdown,0,"yields API also lists Berachain BTC vaults ($38M, APY 0) that are not in the protocol TVL (not counted)",1,WBTC vaults (points/PoL).
Aerodrome Slipstream cbBTC/LBTC (Base),aerodrome-slipstream,C6,"LP, emissions, farming, DeFi vaults",DEX LP (BTC pairs),2175563,26.8,"DefiLlama yields pool, cross-check 2026-09-23 (2026-09-20 point)",yields-pool,0,Pools: cbBTC/LBTC CL1 x0.5.,1,BTC-pair DEX pool over $1M; AERO emissions on top of fees.
YieldFi (yBTC),yieldfi,C6,"LP, emissions, farming, DeFi vaults",Yield aggregator / DeFi vault,1295531,15.96,DefiLlama /protocol/yieldfi (2026-09-20 00:00 UTC point),token-breakdown,0,,1,"BTC deposits in aggregator/strategy vaults (LP fees, emissions, lending)."
Autofarm (BTC),autofarm,C6,"LP, emissions, farming, DeFi vaults",Yield aggregator / DeFi vault,1160131,14.29,DefiLlama /protocol/autofarm (2026-09-20 00:00 UTC point),token-breakdown,0,,1,"BTC deposits in aggregator/strategy vaults (LP fees, emissions, lending)."
Harvest (BTC),harvest-finance,C6,"LP, emissions, farming, DeFi vaults",Yield aggregator / DeFi vault,1148113,14.14,DefiLlama /protocol/harvest-finance (2026-09-20 00:00 UTC point),token-breakdown,0,,1,"BTC deposits in aggregator/strategy vaults (LP fees, emissions, lending)."
Moonwell vaults (cbBTC),moonwell-vaults,C6,"LP, emissions, farming, DeFi vaults",Yield aggregator / DeFi vault,1125288,13.86,DefiLlama /protocol/moonwell-vaults (2026-09-20 00:00 UTC point),token-breakdown,0,,1,"BTC deposits in aggregator/strategy vaults (LP fees, emissions, lending)."
Radpie (BTC),radpie,C6,"LP, emissions, farming, DeFi vaults",Yield aggregator / DeFi vault,957736,11.8,DefiLlama /protocol/radpie (2026-09-20 00:00 UTC point),token-breakdown,0,,1,"BTC deposits in aggregator/strategy vaults (LP fees, emissions, lending)."
Superform (BTC),superform,C6,"LP, emissions, farming, DeFi vaults",Yield aggregator / DeFi vault,944592,11.64,DefiLlama /protocol/superform (2026-09-20 00:00 UTC point),token-breakdown,0,,1,"BTC deposits in aggregator/strategy vaults (LP fees, emissions, lending)."
Hyperbeat Earn (hbBTC),hyperbeat-earn,C6,"LP, emissions, farming, DeFi vaults",DeFi strategy vault,867093,10.68,DefiLlama /protocol/hyperbeat-earn (2026-09-20 00:00 UTC point),token-breakdown,0,Same hbBTC balance as the UBTC in Upshift: counted in Upshift.,0,hbBTC UBTC vault; same balance as Upshift UBTC (nested).
OmniYield (WBTC),omniyield,C6,"LP, emissions, farming, DeFi vaults",Yield aggregator / DeFi vault,801759,9.88,DefiLlama /protocol/omniyield (2026-09-20 00:00 UTC point),token-breakdown,0,,1,"BTC deposits in aggregator/strategy vaults (LP fees, emissions, lending)."
DeltaPrime (BTC),deltaprime,C6,"LP, emissions, farming, DeFi vaults",Yield aggregator / DeFi vault,732551,9.02,DefiLlama /protocol/deltaprime (2026-09-20 00:00 UTC point),token-breakdown,0,,1,"BTC deposits in aggregator/strategy vaults (LP fees, emissions, lending)."
Extra Finance (cbBTC),extra-finance-leverage-farming,C6,"LP, emissions, farming, DeFi vaults",Yield aggregator / DeFi vault,725340,8.94,DefiLlama /protocol/extra-finance-leverage-farming (2026-09-20 00:00 UTC point),token-breakdown,0,,1,"BTC deposits in aggregator/strategy vaults (LP fees, emissions, lending)."
Kine (BTC),kine-finance,C6,"LP, emissions, farming, DeFi vaults",Yield aggregator / DeFi vault,712739,8.78,DefiLlama /protocol/kine-finance (2026-09-20 00:00 UTC point),token-breakdown,0,,1,"BTC deposits in aggregator/strategy vaults (LP fees, emissions, lending)."
Reaper (WBTC),reaper-farm,C6,"LP, emissions, farming, DeFi vaults",Yield aggregator / DeFi vault,596077,7.34,DefiLlama /protocol/reaper-farm (2026-09-20 00:00 UTC point),token-breakdown,0,,1,"BTC deposits in aggregator/strategy vaults (LP fees, emissions, lending)."
BeraPaw Kodiak WBTC/WETH (Berachain),berapaw,C6,"LP, emissions, farming, DeFi vaults","DEX LP (BTC/ETH), staked for PoL rewards",556061,6.85,"DefiLlama yields pool, cross-check 2026-09-23 (2026-09-20 point)",yields-pool,0,"Pools: KODI WBTC/WETH, BTC half x0.5.",1,Kodiak WBTC/WETH LP staked in BeraPaw for PoL rewards; only the BTC half is counted.
Aura (BTC),aura,C6,"LP, emissions, farming, DeFi vaults",Yield aggregator / DeFi vault,529131,6.52,DefiLlama /protocol/aura (2026-09-20 00:00 UTC point),token-breakdown,0,,1,"BTC deposits in aggregator/strategy vaults (LP fees, emissions, lending)."
Rujira strategies (BTC),rujira-amm-strategies,C6,"LP, emissions, farming, DeFi vaults",Yield aggregator / DeFi vault,501012,6.17,DefiLlama /protocol/rujira-amm-strategies (2026-09-20 00:00 UTC point),token-breakdown,0,,1,"BTC deposits in aggregator/strategy vaults (LP fees, emissions, lending)."
Vesper (WBTC),vesper,C6,"LP, emissions, farming, DeFi vaults",Yield aggregator / DeFi vault,397148,4.89,DefiLlama /protocol/vesper (2026-09-20 00:00 UTC point),token-breakdown,0,,1,"BTC deposits in aggregator/strategy vaults (LP fees, emissions, lending)."
Corn Kernels pre-deposit,corn-kernels,C6,"LP, emissions, farming, DeFi vaults",L2 points farm,257696,3.17,DefiLlama /protocol/corn-kernels (2026-09-20 00:00 UTC point),token-breakdown,0,historical: ~0 today,1,BTC/LST pre-deposits for Corn airdrop points.
Umami (BTC),umami-finance,C6,"LP, emissions, farming, DeFi vaults",DeFi vault,197017,2.43,DefiLlama /protocol/umami-finance (2026-09-20 00:00 UTC point),token-breakdown,0,historical: ~0 today,1,GM BTC vault.
Trevee / Rings earn (BTC),trevee-earn,C6,"LP, emissions, farming, DeFi vaults",DeFi strategy vaults,135475,1.67,DefiLlama /protocol/trevee-earn (2026-09-20 00:00 UTC point),token-breakdown,0,historical: ~0 today,1,eBTC/LBTC vaults on Sonic.
Zircuit staking (BTC),zircuit-staking,C6,"LP, emissions, farming, DeFi vaults",L2 points farm,107878,1.33,DefiLlama /protocol/zircuit-staking (2026-09-20 00:00 UTC point),token-breakdown,0,historical: ~0 today,1,BTC staked for Zircuit points.
Echo strategies (aBTC),echo-strategy,C6,"LP, emissions, farming, DeFi vaults",DeFi strategy vaults,74237,0.91,DefiLlama /protocol/echo-strategy (2026-09-20 00:00 UTC point),token-breakdown,0,historical: ~0 today,1,aBTC strategies on Aptos.
"Money-market BTC collateral (Aave, Morpho, Spark, Venus, Compound, JustLend, Kamino, ...)",(62 lending/CDP projects),C0,Context: BTC collateral / ~0% lending (not yield),"Context: BTC collateral, ~0% supply APY",13752041806,169406.02,DefiLlama yields pools (2026-09-20),yields-pools,0,DefiLlama yields pools 09-20: $13.86B less Zest v2 and Accountable (classified C6/C5 here),0,Plain collateral in money markets earns ~0%: context only (plan 0.1).
CDP collateral: f(x) Protocol,fx-protocol,C0,Context: BTC collateral / ~0% lending (not yield),BTC collateral for stablecoin debt,104555700,1287.98,DefiLlama /protocol/fx-protocol (2026-09-20 00:00 UTC point),token-breakdown,0,,0,BTC is collateral for a stablecoin/leverage loan: earns ~0% (C0).
Avalon CeDeFi (lfBTC pool),avalon-cedefi,C0,Context: BTC collateral / ~0% lending (not yield),CeDeFi BTC-collateral pool (not a depositor product),104186998,1283.44,DefiLlama /protocol/avalon-cedefi (2026-09-20 00:00 UTC point),token-breakdown,0,static position since 11-2024; 4 institutional Safes; USDT sent to Binance deposit addresses; DefiLlama notes 100% team-deposited,0,"Lending pool for four institutional Safes, not a yield product with outside BTC depositors (top-5 check) => C0 context, out of gross/net."
CDP collateral: River Omni-CDP (satUSD),river-omni-cdp,C0,Context: BTC collateral / ~0% lending (not yield),BTC collateral for stablecoin debt,101012969,1244.34,DefiLlama /protocol/river-omni-cdp (2026-09-20 00:00 UTC point),token-breakdown,0,,0,"Borrowing venue: bfBTC/uniBTC/UBTC collateral mints satUSD; the BTC holder earns no BTC yield from River (only the LST's own), so it is collateral context; counting it would double count bfBTC/uniBTC."
CDP collateral: crvUSD / LlamaLend,crvusd,C0,Context: BTC collateral / ~0% lending (not yield),BTC collateral for stablecoin debt,75517197,930.27,DefiLlama /protocol/crvusd (2026-09-20 00:00 UTC point),token-breakdown,0,,0,BTC is collateral for a stablecoin/leverage loan: earns ~0% (C0).
Curator BTC vaults: Hyperithm (curated cbBTC vaults),hyperithm,C0,Context: BTC collateral / ~0% lending (not yield),Curated BTC lending vaults (~0%),62128822,765.34,DefiLlama /protocol/hyperithm (2026-09-20 00:00 UTC point),token-breakdown,0,,0,BTC-denominated lending vaults (Morpho/Euler): ~0% base; plan puts them in C0 context.
CDP collateral: Frankencoin,frankencoin,C0,Context: BTC collateral / ~0% lending (not yield),BTC collateral for stablecoin debt,29261180,360.46,DefiLlama /protocol/frankencoin (2026-09-20 00:00 UTC point),token-breakdown,0,,0,BTC is collateral for a stablecoin/leverage loan: earns ~0% (C0).
CDP collateral: Sky (Maker),sky-lending,C0,Context: BTC collateral / ~0% lending (not yield),BTC collateral for stablecoin debt,27588803,339.86,DefiLlama /protocol/sky-lending (2026-09-20 00:00 UTC point),token-breakdown,0,,0,BTC is collateral for a stablecoin/leverage loan: earns ~0% (C0).
CDP collateral: Money on Chain,moneyonchain,C0,Context: BTC collateral / ~0% lending (not yield),BTC collateral for stablecoin debt,22075772,271.94,DefiLlama /protocol/moneyonchain (2026-09-20 00:00 UTC point),token-breakdown,0,,0,BTC is collateral for a stablecoin/leverage loan: earns ~0% (C0).
CDP collateral: Sovryn Zero,sovryn-zero,C0,Context: BTC collateral / ~0% lending (not yield),BTC collateral for stablecoin debt,20277995,249.8,DefiLlama /protocol/sovryn-zero (2026-09-20 00:00 UTC point),token-breakdown,0,,0,BTC is collateral for a stablecoin/leverage loan: earns ~0% (C0).
Curator BTC vaults: Gauntlet,gauntlet,C0,Context: BTC collateral / ~0% lending (not yield),Curated BTC lending vaults (~0%),18213410,224.36,DefiLlama /protocol/gauntlet (2026-09-20 00:00 UTC point),token-breakdown,0,,0,BTC-denominated lending vaults (Morpho/Euler): ~0% base; plan puts them in C0 context.
Lending venue: Templar,templar-protocol,C0,Context: BTC collateral / ~0% lending (not yield),BTC-collateral lending venue,16355051,201.47,DefiLlama /protocol/templar-protocol (2026-09-20 00:00 UTC point),token-breakdown,0,,0,BTC used as collateral in a lending venue (C0).
CDP collateral: BIMA CDP,bima-cdp,C0,Context: BTC collateral / ~0% lending (not yield),BTC collateral for stablecoin debt,10220129,125.9,DefiLlama /protocol/bima-cdp (2026-09-20 00:00 UTC point),token-breakdown,0,,0,BTC is collateral for a stablecoin/leverage loan: earns ~0% (C0).
Curator BTC vaults: Tulipa Capital,tulipa-capital,C0,Context: BTC collateral / ~0% lending (not yield),Curated BTC lending vaults (~0%),10219894,125.89,DefiLlama /protocol/tulipa-capital (2026-09-20 00:00 UTC point),token-breakdown,0,,0,BTC-denominated lending vaults (Morpho/Euler): ~0% base; plan puts them in C0 context.
Curator BTC vaults: 9Summits,9summits,C0,Context: BTC collateral / ~0% lending (not yield),Curated BTC lending vaults (~0%),10160378,125.16,DefiLlama /protocol/9summits (2026-09-20 00:00 UTC point),token-breakdown,0,,0,BTC-denominated lending vaults (Morpho/Euler): ~0% base; plan puts them in C0 context.
CDP collateral: BTCFi CDP,btcfi-cdp,C0,Context: BTC collateral / ~0% lending (not yield),BTC collateral for stablecoin debt,7497742,92.36,DefiLlama /protocol/btcfi-cdp (2026-09-20 00:00 UTC point),token-breakdown,0,,0,BTC is collateral for a stablecoin/leverage loan: earns ~0% (C0).
Lending venue: Vesu,vesu,C0,Context: BTC collateral / ~0% lending (not yield),BTC-collateral lending venue,6726411,82.86,DefiLlama /protocol/vesu (2026-09-20 00:00 UTC point),token-breakdown,0,,0,BTC used as collateral in a lending venue (C0).
Curator BTC vaults: Yearn curating,yearn-curating,C0,Context: BTC collateral / ~0% lending (not yield),Curated BTC lending vaults (~0%),6591893,81.2,DefiLlama /protocol/yearn-curating (2026-09-20 00:00 UTC point),token-breakdown,0,,0,BTC-denominated lending vaults (Morpho/Euler): ~0% base; plan puts them in C0 context.
Curator BTC vaults: Telos Consilium,telos-consilium,C0,Context: BTC collateral / ~0% lending (not yield),Curated BTC lending vaults (~0%),5772998,71.12,DefiLlama /protocol/telos-consilium (2026-09-20 00:00 UTC point),token-breakdown,0,,0,BTC-denominated lending vaults (Morpho/Euler): ~0% base; plan puts them in C0 context.
Lending venue: Echo Lending,echo-lending,C0,Context: BTC collateral / ~0% lending (not yield),BTC-collateral lending venue,5672764,69.88,DefiLlama /protocol/echo-lending (2026-09-20 00:00 UTC point),token-breakdown,0,,0,BTC used as collateral in a lending venue (C0).
CDP collateral: Kava Mint,kava-mint,C0,Context: BTC collateral / ~0% lending (not yield),BTC collateral for stablecoin debt,5068989,62.44,DefiLlama /protocol/kava-mint (2026-09-20 00:00 UTC point),token-breakdown,0,,0,BTC is collateral for a stablecoin/leverage loan: earns ~0% (C0).
CDP collateral: Bucket,bucket-cdp,C0,Context: BTC collateral / ~0% lending (not yield),BTC collateral for stablecoin debt,4679952,57.65,DefiLlama /protocol/bucket-cdp (2026-09-20 00:00 UTC point),token-breakdown,0,,0,BTC is collateral for a stablecoin/leverage loan: earns ~0% (C0).
Curator BTC vaults: UltraYield curator,ultrayield-curator,C0,Context: BTC collateral / ~0% lending (not yield),Curated BTC lending vaults (~0%),4438443,54.68,DefiLlama /protocol/ultrayield-curator (2026-09-20 00:00 UTC point),token-breakdown,0,,0,BTC-denominated lending vaults (Morpho/Euler): ~0% base; plan puts them in C0 context.
Lending venue: Chainflip Lending,chainflip-lending,C0,Context: BTC collateral / ~0% lending (not yield),BTC-collateral lending venue,4306787,53.05,DefiLlama /protocol/chainflip-lending (2026-09-20 00:00 UTC point),token-breakdown,0,,0,BTC used as collateral in a lending venue (C0).
Curator BTC vaults: Sentora (WBTC vault),sentora-curator,C0,Context: BTC collateral / ~0% lending (not yield),Curated BTC lending vaults (~0%),3833002,47.22,DefiLlama /protocol/sentora-curator (2026-09-20 00:00 UTC point),token-breakdown,0,,0,BTC-denominated lending vaults (Morpho/Euler): ~0% base; plan puts them in C0 context.
Lending venue: Granite,granite,C0,Context: BTC collateral / ~0% lending (not yield),BTC-collateral lending venue,3148295,38.78,DefiLlama /protocol/granite (2026-09-20 00:00 UTC point),token-breakdown,0,,0,BTC used as collateral in a lending venue (C0).
CDP collateral: Mezo Borrow,mezo-borrow,C0,Context: BTC collateral / ~0% lending (not yield),BTC collateral for stablecoin debt,2952159,36.37,DefiLlama /protocol/mezo-borrow (2026-09-20 00:00 UTC point),token-breakdown,0,,0,BTC is collateral for a stablecoin/leverage loan: earns ~0% (C0).
CDP collateral: Hylo,hylo-protocol,C0,Context: BTC collateral / ~0% lending (not yield),BTC collateral for stablecoin debt,2798945,34.48,DefiLlama /protocol/hylo-protocol (2026-09-20 00:00 UTC point),token-breakdown,0,,0,BTC is collateral for a stablecoin/leverage loan: earns ~0% (C0).
CDP collateral: Yala,yala,C0,Context: BTC collateral / ~0% lending (not yield),BTC collateral for stablecoin debt,2356376,29.03,DefiLlama /protocol/yala (2026-09-20 00:00 UTC point),token-breakdown,0,,0,BTC is collateral for a stablecoin/leverage loan: earns ~0% (C0).
CDP collateral: Threshold thUSD,threshold-thusd,C0,Context: BTC collateral / ~0% lending (not yield),BTC collateral for stablecoin debt,2174565,26.79,DefiLlama /protocol/threshold-thusd (2026-09-20 00:00 UTC point),token-breakdown,0,,0,BTC is collateral for a stablecoin/leverage loan: earns ~0% (C0).
CDP collateral: Lista CDP,lista-cdp,C0,Context: BTC collateral / ~0% lending (not yield),BTC collateral for stablecoin debt,2088303,25.72,DefiLlama /protocol/lista-cdp (2026-09-20 00:00 UTC point),token-breakdown,0,,0,BTC is collateral for a stablecoin/leverage loan: earns ~0% (C0).
CDP collateral: Felix CDP,felix-cdp,C0,Context: BTC collateral / ~0% lending (not yield),BTC collateral for stablecoin debt,1874856,23.1,DefiLlama /protocol/felix-cdp (2026-09-20 00:00 UTC point),token-breakdown,0,,0,BTC is collateral for a stablecoin/leverage loan: earns ~0% (C0).
CDP collateral: Abracadabra,abracadabra-spell,C0,Context: BTC collateral / ~0% lending (not yield),BTC collateral for stablecoin debt,1710665,21.07,DefiLlama /protocol/abracadabra-spell (2026-09-20 00:00 UTC point),token-breakdown,0,,0,BTC is collateral for a stablecoin/leverage loan: earns ~0% (C0).
Lending venue: Zest v1,zest-v1,C0,Context: BTC collateral / ~0% lending (not yield),BTC-collateral lending venue,1452067,17.89,DefiLlama /protocol/zest-v1 (2026-09-20 00:00 UTC point),token-breakdown,0,,0,BTC used as collateral in a lending venue (C0).
Curator BTC vaults: Gami Labs,gami-labs,C0,Context: BTC collateral / ~0% lending (not yield),Curated BTC lending vaults (~0%),1407333,17.34,DefiLlama /protocol/gami-labs (2026-09-20 00:00 UTC point),token-breakdown,0,,0,BTC-denominated lending vaults (Morpho/Euler): ~0% base; plan puts them in C0 context.
Lending venue: Surge Credit,surge-credit,C0,Context: BTC collateral / ~0% lending (not yield),BTC-collateral lending venue,1289229,15.88,DefiLlama /protocol/surge-credit (2026-09-20 00:00 UTC point),token-breakdown,0,,0,BTC used as collateral in a lending venue (C0).
Lending venue: Liquidium,liquidium,C0,Context: BTC collateral / ~0% lending (not yield),BTC-collateral lending venue,1266761,15.6,DefiLlama /protocol/liquidium (2026-09-20 00:00 UTC point),token-breakdown,0,,0,BTC used as collateral in a lending venue (C0).
Curator BTC vaults: Anthias,anthias-labs,C0,Context: BTC collateral / ~0% lending (not yield),Curated BTC lending vaults (~0%),1127185,13.89,DefiLlama /protocol/anthias-labs (2026-09-20 00:00 UTC point),token-breakdown,0,,0,BTC-denominated lending vaults (Morpho/Euler): ~0% base; plan puts them in C0 context.
Curator BTC vaults: Block Analitica,block-analitica,C0,Context: BTC collateral / ~0% lending (not yield),Curated BTC lending vaults (~0%),1124906,13.86,DefiLlama /protocol/block-analitica (2026-09-20 00:00 UTC point),token-breakdown,0,,0,BTC-denominated lending vaults (Morpho/Euler): ~0% base; plan puts them in C0 context.
Curator BTC vaults: DAMM,damm-capital,C0,Context: BTC collateral / ~0% lending (not yield),Curated BTC lending vaults (~0%),919015,11.32,DefiLlama /protocol/damm-capital (2026-09-20 00:00 UTC point),token-breakdown,0,,0,BTC-denominated lending vaults (Morpho/Euler): ~0% base; plan puts them in C0 context.
CDP collateral: Inverse FiRM,inverse-finance-firm,C0,Context: BTC collateral / ~0% lending (not yield),BTC collateral for stablecoin debt,736315,9.07,DefiLlama /protocol/inverse-finance-firm (2026-09-20 00:00 UTC point),token-breakdown,0,,0,BTC is collateral for a stablecoin loan: earns ~0% (C0).
Curator BTC vaults: Odyssey,odyssey-digital-am,C0,Context: BTC collateral / ~0% lending (not yield),Curated BTC lending vaults (~0%),700852,8.63,DefiLlama /protocol/odyssey-digital-am (2026-09-20 00:00 UTC point),token-breakdown,0,,0,BTC-denominated lending vaults (Morpho/Euler): ~0% base; plan puts them in C0 context.
Curator BTC vaults: K3 Capital,k3-capital,C0,Context: BTC collateral / ~0% lending (not yield),Curated BTC lending vaults (~0%),658763,8.12,DefiLlama /protocol/k3-capital (2026-09-20 00:00 UTC point),token-breakdown,0,,0,BTC-denominated lending vaults (Morpho/Euler): ~0% base; plan puts them in C0 context.
Curator BTC vaults: Clearstar,clearstar,C0,Context: BTC collateral / ~0% lending (not yield),Curated BTC lending vaults (~0%),652660,8.04,DefiLlama /protocol/clearstar (2026-09-20 00:00 UTC point),token-breakdown,0,,0,BTC-denominated lending vaults (Morpho/Euler): ~0% base; plan puts them in C0 context.
CDP collateral: Angle,angle,C0,Context: BTC collateral / ~0% lending (not yield),BTC collateral for stablecoin debt,467365,5.76,DefiLlama /protocol/angle (2026-09-20 00:00 UTC point),token-breakdown,0,,0,BTC is collateral for a stablecoin loan: earns ~0% (C0).
CDP collateral: Bucket v2,bucket-protocol-v2,C0,Context: BTC collateral / ~0% lending (not yield),BTC collateral for stablecoin debt,459416,5.66,DefiLlama /protocol/bucket-protocol-v2 (2026-09-20 00:00 UTC point),token-breakdown,0,,0,BTC is collateral for a stablecoin loan: earns ~0% (C0).
Curator BTC vaults: AlphaGrowth,alphagrowth,C0,Context: BTC collateral / ~0% lending (not yield),Curated BTC lending vaults (~0%),408863,5.04,DefiLlama /protocol/alphagrowth (2026-09-20 00:00 UTC point),token-breakdown,0,,0,BTC-denominated lending vaults (Morpho/Euler): ~0% base; plan puts them in C0 context.
Curator BTC vaults: Steakhouse,steakhouse-financial,C0,Context: BTC collateral / ~0% lending (not yield),Curated BTC lending vaults (~0%),255119,3.14,DefiLlama /protocol/steakhouse-financial (2026-09-20 00:00 UTC point),token-breakdown,0,,0,BTC-denominated lending vaults (Morpho/Euler): ~0% base; plan puts them in C0 context.
Curator BTC vaults: Re7 Labs,re7-labs,C0,Context: BTC collateral / ~0% lending (not yield),Curated BTC lending vaults (~0%),157013,1.93,DefiLlama /protocol/re7-labs (2026-09-20 00:00 UTC point),token-breakdown,0,,0,BTC-denominated lending vaults (Morpho/Euler): ~0% base; plan puts them in C0 context.
Curator BTC vaults: MEV Capital,mev-capital,C0,Context: BTC collateral / ~0% lending (not yield),Curated BTC lending vaults (~0%),156030,1.92,DefiLlama /protocol/mev-capital (2026-09-20 00:00 UTC point),token-breakdown,0,,0,BTC-denominated lending vaults (Morpho/Euler): ~0% base; plan puts them in C0 context.
Curator BTC vaults: Tau Labs,tau-labs,C0,Context: BTC collateral / ~0% lending (not yield),Curated BTC lending vaults (~0%),87566,1.08,DefiLlama /protocol/tau-labs (2026-09-20 00:00 UTC point),token-breakdown,0,,0,BTC lending vaults (C0).
WBTC,wbtc,EXCL,Excluded (wrapper/bridge/venue/USD-yield),bare wrapper,9475165995,116720.86,DefiLlama /protocol/wbtc (2026-09-20 00:00 UTC point),token-breakdown,0,,0,Excluded: bare wrapper
cbBTC,coinbase-bridge,EXCL,Excluded (wrapper/bridge/venue/USD-yield),bare wrapper,8000533219,98555.44,DefiLlama /protocol/coinbase-bridge (2026-09-20 00:00 UTC point),token-breakdown,0,,0,Excluded: bare wrapper
BTCB,binance-bitcoin,EXCL,Excluded (wrapper/bridge/venue/USD-yield),bare wrapper,5536994294,68208.06,DefiLlama /protocol/binance-bitcoin (2026-09-20 00:00 UTC point),token-breakdown,0,,0,Excluded: bare wrapper
Kraken kBTC,kraken-bitcoin,EXCL,Excluded (wrapper/bridge/venue/USD-yield),bare wrapper,770245147,9488.35,DefiLlama /protocol/kraken-bitcoin (2026-09-20 00:00 UTC point),token-breakdown,0,,0,Excluded: bare wrapper
FBTC,function-fbtc,EXCL,Excluded (wrapper/bridge/venue/USD-yield),bare wrapper,682368759,8405.83,DefiLlama /protocol/function-fbtc (2026-09-20 00:00 UTC point),token-breakdown,0,,0,Excluded: bare wrapper
Unit UBTC,unit,EXCL,Excluded (wrapper/bridge/venue/USD-yield),bare wrapper/bridge,553890072,6823.15,DefiLlama /protocol/unit (2026-09-20 00:00 UTC point),token-breakdown,0,,0,Excluded: bare wrapper/bridge
SolvBTC (base),solvbtc,EXCL,Excluded (wrapper/bridge/venue/USD-yield),bare wrapper,522221939,6433.05,DefiLlama /protocol/solvbtc (2026-09-20 00:00 UTC point),token-breakdown,0,,0,Excluded: bare wrapper
Lorenzo enzoBTC,lorenzo-enzobtc,EXCL,Excluded (wrapper/bridge/venue/USD-yield),bare wrapper,489083895,6024.83,DefiLlama /protocol/lorenzo-enzobtc (2026-09-20 00:00 UTC point),token-breakdown,0,,0,Excluded: bare wrapper
Merlin's Seal (M-BTC),merlins-seal,EXCL,Excluded (wrapper/bridge/venue/USD-yield),Merlin chain bridge custody; MERL points campaign ended 2024,434485938,5352.26,DefiLlama /protocol/merlins-seal (2026-09-20 00:00 UTC point),token-breakdown,0,,0,Excluded: Merlin chain bridge custody; MERL points campaign ended 2024
tBTC,tbtc,EXCL,Excluded (wrapper/bridge/venue/USD-yield),bare wrapper,355743654,4382.27,DefiLlama /protocol/tbtc (2026-09-20 00:00 UTC point),token-breakdown,0,,0,Excluded: bare wrapper
Nexus BTC,nexus-btc,EXCL,Excluded (wrapper/bridge/venue/USD-yield),bare wrapper,229219469,2823.66,DefiLlama /protocol/nexus-btc (2026-09-20 00:00 UTC point),token-breakdown,0,,0,Excluded: bare wrapper
Stacks sBTC,stacks-sbtc,EXCL,Excluded (wrapper/bridge/venue/USD-yield),bare wrapper; Dual Stacking enrollment not measurable,201079981,2477.03,DefiLlama /protocol/stacks-sbtc (2026-09-20 00:00 UTC point),token-breakdown,0,,0,Excluded: bare wrapper; Dual Stacking enrollment not measurable
BTC.b,lombard-btc.b,EXCL,Excluded (wrapper/bridge/venue/USD-yield),bare wrapper,172488945,2124.82,DefiLlama /protocol/lombard-btc.b (2026-09-20 00:00 UTC point),token-breakdown,0,,0,Excluded: bare wrapper
Bitget bgBTC,bitget-bgbtc,EXCL,Excluded (wrapper/bridge/venue/USD-yield),bare wrapper (Earn counted separately),115479384,1422.55,DefiLlama /protocol/bitget-bgbtc (2026-09-20 00:00 UTC point),token-breakdown,0,,0,Excluded: bare wrapper (Earn counted separately)
Echo bridge,echo-bridge,EXCL,Excluded (wrapper/bridge/venue/USD-yield),bridge,96867180,1193.27,DefiLlama /protocol/echo-bridge (2026-09-20 00:00 UTC point),token-breakdown,0,,0,Excluded: bridge
Circle cirBTC,circle-bitcoin,EXCL,Excluded (wrapper/bridge/venue/USD-yield),bare wrapper,73821263,909.38,DefiLlama /protocol/circle-bitcoin (2026-09-20 00:00 UTC point),token-breakdown,0,,0,Excluded: bare wrapper
OKX xBTC,okx-xbtc,EXCL,Excluded (wrapper/bridge/venue/USD-yield),bare wrapper,66411075,818.09,DefiLlama /protocol/okx-xbtc (2026-09-20 00:00 UTC point),token-breakdown,0,,0,Excluded: bare wrapper
Bitlayer YBTC,bitlayer-ybtc-family,EXCL,Excluded (wrapper/bridge/venue/USD-yield),"bridge (""Bridge between Bitcoin and Bitlayer"")",32529429,400.72,DefiLlama /protocol/bitlayer-ybtc-family (2026-09-20 00:00 UTC point),token-breakdown,0,,0,"Excluded: bridge (""Bridge between Bitcoin and Bitlayer"")"
Katana Vault Bridge (WBTC),vault-bridge,EXCL,Excluded (wrapper/bridge/venue/USD-yield),bridge,14930042,183.92,DefiLlama /protocol/vault-bridge (2026-09-20 00:00 UTC point),token-breakdown,0,,0,Excluded: bridge
Mezo bridge,mezo-bridge,EXCL,Excluded (wrapper/bridge/venue/USD-yield),bridge,13728284,169.11,DefiLlama /protocol/mezo-bridge (2026-09-20 00:00 UTC point),token-breakdown,0,,0,Excluded: bridge
StackingDAO (sBTC),stackingdao,EXCL,Excluded (wrapper/bridge/venue/USD-yield),STX liquid staking; sBTC is reward inventory,12493955,153.91,DefiLlama /protocol/stackingdao (2026-09-20 00:00 UTC point),token-breakdown,0,,0,Excluded: STX liquid staking; sBTC is reward inventory
Pendle (BTC PT/YT),pendle-v2,EXCL,Excluded (wrapper/bridge/venue/USD-yield),yield-tokenization venue: BTC is the underlying LSTs already counted,7180539,88.45,DefiLlama /protocol/pendle-v2 (2026-09-20 00:00 UTC point),token-breakdown,0,,0,Excluded: yield-tokenization venue: BTC is the underlying LSTs already counted
exSat bridge,exsat-bridge,EXCL,Excluded (wrapper/bridge/venue/USD-yield),bridge,3156550,38.88,DefiLlama /protocol/exsat-bridge (2026-09-20 00:00 UTC point),token-breakdown,0,,0,Excluded: bridge
BOB bridge,bob-bridge,EXCL,Excluded (wrapper/bridge/venue/USD-yield),bridge,1018083,12.54,DefiLlama /protocol/bob-bridge (2026-09-20 00:00 UTC point),token-breakdown,0,,0,Excluded: bridge
BTCST,btcst,EXCL,Excluded (wrapper/bridge/venue/USD-yield),"hashrate token, not BTC yield",746304,9.19,DefiLlama /protocol/btcst (2026-09-20 00:00 UTC point),token-breakdown,0,,0,"Excluded: hashrate token, not BTC yield"
YBTC.B,ybtc.b,EXCL,Excluded (wrapper/bridge/venue/USD-yield),bridge,155099,1.91,DefiLlama /protocol/ybtc.b (2026-09-20 00:00 UTC point),token-breakdown,0,,0,Excluded: bridge
RateX,ratex-dex,EXCL,Excluded (wrapper/bridge/venue/USD-yield),yield-trading venue,84760,1.04,DefiLlama /protocol/ratex-dex (2026-09-20 00:00 UTC point),token-breakdown,0,,0,Excluded: yield-trading venue
