venue,chain,address,kind,btc_collateral,collateral_usd,debt_usd,borrowed,identified_as,fits_definition
aave-eth-core,1,0x7CD0B7Ed790F626ef1BD42Db63B5EBEb5970c912,EOA,5220.0208,451923469,191394965,USDC,EOA,N (EOA)
aave-eth-core,1,0xABdbBd00Fad79b257e7313B398A1Ea10d9EEf8D6,EOA,7204.7681,623676111,177643903,USDC+USDG,EOA,N (EOA)
Morpho Blue cbBTC/USDC,Ethereum,0xbCd16D361adf5E7e0dc0010756B49666b4f38eE0,EOA,4674.7199,404708547,172889294,USDC,EOA,N (EOA)
Morpho Blue kBTC/RLUSD,Ethereum,0x0774b5B15B0CEe5E2e14814CCF4d4611fF78CcF5,contract,2462.3419,213413835,138912523,RLUSD,Kraken Bitcoin Vault - LoanManager (owner BoringVault 0x7dee...19b2),Y
spark-eth,1,0xb99a2c4C1C4F1fc27150681B740396F6CE1cBcF5,EOA,879.9973,261342889,134214936,USDS,EOA,N (EOA)
spark-eth,1,0x28355886A65848488Cf0A3646fca395DB0A762B1,EOA,1518.9914,167240899,111899009,USDS+PYUSD,EOA,N (EOA)
aave-eth-core,1,0xe40d278afD00E6187Db21ff8C96D572359Ef03bf,contract,1269.324,214648284,96342731,USDC+EURC,"Safe 2/5 multi-asset treasury/fund (33.4k aWETH + 1,849 cbBTC); no share token",N
Morpho Blue kBTC/PYUSD,Ethereum,0xd18DF3c05D2D11BDeDBd9F7501f651e43b9bd986,contract,1081.3505,93721819,60828674,PYUSD,Kraken Bitcoin Vault - LoanManager,Y
Morpho Blue kBTC/RLUSD,Ethereum,0x7fB9f8F775e3Ff458ce5D9d146f36e9e4639205E,contract,928.1909,80447306,51030534,RLUSD,Kraken Bitcoin Vault - LoanManager,Y
Morpho Blue kBTC/PYUSD,Ethereum,0x1E8f4752209A50eFE5b6126f5c534dC7018d9489,contract,923.86,80071951,41692025,PYUSD,Kraken Bitcoin Vault - LoanManager,Y
spark-eth,1,0xB561B1e79E448bC3A7aC4Dc377EeECBc99505f60,EOA,1031.5418,89303853,40015376,USDS,EOA,N (EOA)
Compound v3 cUSDCv3 (WBTC),Ethereum,0x4093f559f38c4c87c280d64c85396f649c0d9987,contract,900.6,0,39730000,USDC,Safe 4/8 treasury (900.6 WBTC + ~20k wstETH on Compound); no share token,N
Compound v3 cUSDCv3 (WBTC),Ethereum,0x7ba7f4773fa7890bad57879f0a1faa0edffb3520,EOA,641.65,0,37750000,USDC,EOA,N (EOA)
Morpho Blue cbBTC/USDC,Ethereum,0x56eCBF8844bD7a64dc661EC41D52005D4E224adc,EOA,989.0,85621547,37452995,USDC,EOA,N (EOA)
aave-eth-core,1,0x0a0FA2B02aE73bD9eb4c1E086458099ECA42476e,EOA,1054.4016,133247760,37267871,USDT,EOA,N (EOA)
aave-eth-core,1,0x26a58aF72eff53dDAa064A9DF86E8eC3184bEE95,EOA,735.807,64857901,32931992,USDC+USDT,EOA,N (EOA)
spark-eth,1,0xb213531aA8113F455C626a305fEaEf82da605e08,EOA,1064.822,92185026,31134597,USDT,EOA,N (EOA)
Morpho Blue kBTC/PYUSD,Ethereum,0x28355886A65848488Cf0A3646fca395DB0A762B1,EOA,510.001,44202339,31095791,PYUSD,EOA,N (EOA)
spark-eth,1,0xD48573cDA0fed7144f2455c5270FFa16Be389d04,EOA,622.6,53900480,30098194,USDS,EOA,N (EOA)
aave-eth-core,1,0x6b2563826Bc176fDa2099C47567F447fC32cC5B7,EOA,618.7,54060633,28196120,USDT,EOA,N (EOA)
spark-eth,1,0x219dE81f5d9b30f4759459C81c3CF47AbaA0dED1,EOA,729.095,63120076,27033277,USDS,EOA,N (EOA)
aave-eth-core,1,0x834BD54EAe7EDD442637375b9be9BA2a9AD28389,EOA,731.0444,64047817,26376802,USDC,EOA,N (EOA)
aave-eth-core,1,0x44e8c2451e916C87ddE3977DC80F6fB8a1E33B1D,EOA,500.9069,65923955,25788163,USDC+USDT,EOA,N (EOA)
spark-eth,1,0xe40d278afD00E6187Db21ff8C96D572359Ef03bf,contract,580.0007,50212519,25346227,USDT+USDS,"Safe 2/5 multi-asset treasury/fund (33.4k aWETH + 1,849 cbBTC); no share token",N
aave-eth-core,1,0xF50623b782FB0C7CD3966b20F6EcB7D791a36ec6,EOA,560.0,48482057,25053545,USDC,EOA,N (EOA)
spark-eth,1,0xF50623b782FB0C7CD3966b20F6EcB7D791a36ec6,EOA,530.0,45883798,25046083,USDS,EOA,N (EOA)
Compound v3 cUSDCv3 (WBTC),Ethereum,0xa3d843b6a057504284006bef6f34a2e9bc80fb6b,EOA,344.68,0,24620000,USDC,EOA,N (EOA)
aave-eth-core,1,0x25D2477f89FB29f6956C45D4dFda9D29eb187f4E,EIP7702-EOA(delegate 0x63c0c19a282a1b52b07dd5a65b58948a07dae32b),628.1122,54358606,23982573,USDT,EIP-7702 delegated EOA,N (EOA)
aave-eth-core,1,0x9d8f9295268674332A108eD7D2f537413FC8b9Ea,EOA,722.1782,62818831,23716594,USDT,EOA,N (EOA)
aave-eth-core,1,0xd71f4423e097888aF07E2CEac0E71b9a43f64A1f,EOA,400.0091,51920418,21927522,USDC+USDT,EOA,N (EOA)
Compound v3 cUSDCv3 (WBTC),Ethereum,0xda1d41fbc625282eb09744efc8da1a66a494a298,EOA,400.56,0,21510000,USDC,EOA,N (EOA)
aave-eth-core,1,0x7546966122E636A601a3eA4497d3509F160771d8,EOA,487.359,42946879,21333031,USDC+USDT,EOA,N (EOA)
spark-eth,1,0xb5C98c0D2861D39C538Aff4e87CEE946ffa1Adf4,EOA,209.5308,42843030,20765025,USDT+USDS,EOA,N (EOA)
Morpho Blue cbBTC/USDC,Ethereum,0x5130985cE6A0e54f369712Cd6f2fDEC084026E54,EOA,671.0201,58092802,20504651,USDC,EOA,N (EOA)
spark-eth,1,0xC6877a65349B0fA45cC61a267eE682c7AbF2B369,EOA,239.0788,31228094,20056951,USDS+PYUSD,EOA,N (EOA)
aave-eth-core,1,0x3B94E9Fa105551B700E4965Bf13dB3153Bb26557,EOA,387.9206,64344908,19902042,USDC+USDT,EOA,N (EOA)
aave-eth-core,1,0x8328446602CB4c3b2b4A25BECa6488E947B6f54a,EIP7702-EOA(delegate 0x0000fb7702036ff9f76044a501ac1aa74cbab16b),409.7248,35608703,18893553,USDC,EIP-7702 delegated EOA,N (EOA)
aave-eth-core,1,0xFa5484533aCF47bc9F5d9Dc931FcdbbdCeFb4011,contract,566.1589,48994027,18681928,USDC,Instadapp DSA (individual account),N
aave-eth-core,1,0x3290b7E095E756EE0fa9f51c4087C9F6546eE4fB,EOA,439.7278,38249820,18484745,USDC+USDT,EOA,N (EOA)
aave-eth-core,1,0xF523259262979a26095474974b56443AD34c53B7,contract,347.0971,30036420,17703732,USDT,Kraken Bitcoin Vault - LoanManager (Aave WBTC/USDT),Y
Compound v3 cUSDTv3 (WBTC),Ethereum,0xcefe83811ed89bb35e5224314885aeccf00298ac,EOA,36.08,0,16220000,USDT,EOA,N (EOA)
spark-eth,1,0x1cAC5F5733Eaa98b64500eEB79891e5Cb2cd46a1,EOA,405.0753,35068661,16022783,USDS,EOA,N (EOA)
Compound v3 cUSDCv3 (WBTC),Ethereum,0xc94a3ff0bac12eeb9ff0cc4e08511e1ffad6ba94,EOA,207.63,0,14740000,USDC,EOA,N (EOA)
aave-eth-core,1,0x941AD3eBD8321797b9B53a87AdE232E5d85973D1,EOA,420.0,36347154,13825355,DAI,EOA,N (EOA)
Morpho Blue WBTC/USDT,Ethereum,0x6bA9c7d86eBD6A20817d482C42C9dE2806EeFB7e,EOA,320.425,27739590,13787833,USDT,EOA,N (EOA)
Compound v3 cUSDTv3 (WBTC),Ethereum,0x562859c109170e59e5a1f14712e36a08c117559f,EOA,306.57,0,13700000,USDT,EOA,N (EOA)
aave-eth-core,1,0x28376b3B5E891CA9ABA834E2797A63f061aF1039,EOA,281.9826,26856733,13485919,USDC+USDT,EOA,N (EOA)
Compound v3 cUSDCv3 (WBTC),Ethereum,0x2756bb9746af8355f85394c5d034897ba2635e0c,contract,243.5,0,12880000,USDC,Instadapp DSA (individual account),N
spark-eth,1,0x9297989B23C5Fb2A1340C65a8C63B0C46FC721bF,EOA,296.4362,25655007,12579739,USDC+USDT,EOA,N (EOA)
aave-eth-core,1,0x855904De035c9d86A301aF364159E7237B2536c0,EOA,420.026,36363787,12440599,USDC,EOA,N (EOA)
aave-eth-core,1,0xDf2609ec3d2e07a79d2E25e52960E75250Bd9AAa,EOA,189.1106,24625164,12087646,GHO,EOA,N (EOA)
aave-eth-core,1,0x399B610E64cfC26988B3A476b438a5f73976cA70,EOA,303.2005,29007872,11976690,USDT,EOA,N (EOA)
aave-eth-core (deep pages),1,0x1E2799e0071E535468097E04Ad23b9FE3Ae5A6A5,EOA,18.6587,13448739,11698744,total debt (all assets),EOA,N (EOA)
aave-eth-core,1,0x219dE81f5d9b30f4759459C81c3CF47AbaA0dED1,EOA,321.1593,27936113,11644522,USDT,EOA,N (EOA)
aave-eth-core,1,0x36Aab712E7E6820608D5C974d6f9A615ecfD46DB,EOA,534.8606,46285804,11373581,USDT,EOA,N (EOA)
aave-eth-core,1,0xF11F844Bc13E7912B78F0Ee8b8168f8EF32be22D,EOA,335.0,28991183,11033746,DAI,EOA,N (EOA)
aave-eth-core,1,0x34bF8DcB3ed8cF8AaB57B1D8330cAb8BA5246708,EOA,169.3298,24074077,10648383,USDC+USDT,EOA,N (EOA)
aave-eth-core,1,0xb01ec8485bb3B7eaA7BB13c73645D91434a29bc4,EOA,300.9447,37181631,10510701,USDC+USDT,EOA,N (EOA)
aave-eth-core,1,0x0a95f877498a3eD5AF87f10EDeBf63412DcFAaE7,contract,277.9905,24056551,10397861,USDC,Safe 2/2 multisig (no vault or share-token logic; self-directed position),N
spark-eth,1,0x3eEb5e43Bcb9ED151a13a2CfB584a171Dcb1aEba,EOA,219.4945,32947467,10340738,USDT,EOA,N (EOA)
Compound v3 cUSDCv3 (WBTC),Ethereum,0x31b13fa1c6e786854f62fd0d6cb41d9b64639cf8,EOA,9.52,0,10330000,USDC,EOA,N (EOA)
spark-eth,1,0x5f46d540b6eD704C3c8789105F30E075AA900726,contract,207.8811,17990963,10301229,USDC+PYUSD,ether.fi Liquid BTC (Veda BoringVault),Y
aave-eth-core,1,0xAf1931548fB335bf1dCeC13e788DbAAA8b79A4d5,EIP7702-EOA(delegate 0x63c0c19a282a1b52b07dd5a65b58948a07dae32b),226.9331,19638207,10200196,USDC+USDT,EIP-7702 delegated EOA,N (EOA)
aave-eth-core,1,0x935AD0fBea9572bB24138F23A69e314f0BDbdDbE,EOA,335.9561,29073085,10148938,USDT,EOA,N (EOA)
aave-eth-core,1,0xB7Fb2B774Eb5E2DaD9C060fb367AcBdc7fA7099B,EOA,400.0031,47201846,10117657,USDT,EOA,N (EOA)
aave-eth-core (deep pages),1,0x9332D0cE5D45184515e0EA85bf9f4af09Cbf10Af,EOA,26.4316,48032938,9787969,total debt (all assets),EOA,N (EOA)
aave-eth-core,1,0x01329db67e9a963695c65766a298f9876e87dEf4,EOA,63.7323,21944546,9377967,USDC+USDT,EOA,N (EOA)
aave-eth-core,1,0xadfD7fa3eF9e23c3B44F2384dAD5bB876f15e00E,EOA,79.9999,17733498,9347778,USDC,EOA,N (EOA)
Compound v3 cUSDCv3 (WBTC),Ethereum,0x46305af898c4d4ac1bc4469b55cd5bc402fb0128,EOA,180.11,0,8960000,USDC,EOA,N (EOA)
Compound v3 cUSDTv3 (WBTC),Ethereum,0x7df25ed19086f00e0539c7c9a2a6234e0689905e,EOA,250.16,0,8930000,USDT,EOA,N (EOA)
Morpho Blue WBTC/USDC,Ethereum,0xeB9b0A7844ED7Be427Fd3d7d23765b1901ee7c20,EOA,153.6111,13298300,8915414,USDC,EOA,N (EOA)
aave-eth-core,1,0xeE7ca610D896C53ffe716B801C05748EfD902954,EIP7702-EOA(delegate 0x7702cb554e6bfb442cb743a7df23154544a7176c),150.4044,13040027,8768128,USDC,EIP-7702 delegated EOA,N (EOA)
aave-eth-core,1,0x1CEBd13797636b94C5CaD7108CEbE42D2Fce7732,contract,89.2961,13213989,8657707,USDC,Safe 2/4 multisig (no vault or share-token logic; self-directed position),N
Compound v3 cUSDCv3 (WBTC),Ethereum,0x653b9d11f32b6f0b8bd2ae2724b2de5b031f8d8d,EOA,226.08,0,8340000,USDC,EOA,N (EOA)
Compound v3 cUSDCv3 (WBTC),Ethereum,0x3d10ed16c911cd22d100cbc00165c918a2df66bc,EOA,52.45,0,8220000,USDC,EOA,N (EOA)
Compound v3 cUSDCv3 (cbBTC),Ethereum,0x3d10ed16c911cd22d100cbc00165c918a2df66bc,EOA,33.46,0,8220000,USDC,EOA,N (EOA)
spark-eth,1,0xf67Ad2B5688f952900e1b29cBDf1B6dd5a167ABB,EOA,14.6591,30181741,8211954,USDT,EOA,N (EOA)
aave-eth-core,1,0x83A1c0bee065f65e82Cd2AF60ff8E5539aC344a8,EOA,100.0006,31662540,8198825,USDT,EOA,N (EOA)
Morpho Blue cbBTC/RLUSD,Ethereum,0x7b524b0308a776a7d4E65A2Db73bB37881818748,EOA,425.002,36794063,8179327,RLUSD,EOA,N (EOA)
spark-eth,1,0x7Efc5f1d8955D16516189548d679F6F92940fB62,EOA,210.01,18181240,7877068,USDT,EOA,N (EOA)
aave-eth-core,1,0x9AC60bd825EB8FD0240E4daf2646C1050830013e,EOA,70.0365,15854179,7575984,USDT,EOA,N (EOA)
Morpho Blue cbBTC/USDT,Ethereum,0x6df0DefE9EE31E407a8cD82a47e85A3637c3aD45,contract,229.3286,19853858,7428210,USDT,Safe 2/4 multisig (no vault or share-token logic; self-directed position),N
aave-eth-core,1,0x94def848159B30605AFE0c1D1AC43D6D588B940a,EOA,160.2657,15287168,7423396,USDT,EOA,N (EOA)
aave-eth-core,1,0x4dEBDD6CEe25b2F931D2FE265D70e1a533B02453,contract,129.5854,16215952,7358008,USDC,Safe 3/7 multisig (no vault or share-token logic; self-directed position),N
aave-eth-core,1,0xeBa958e17e20bcc638eDf37E44FCdDf5474Ac9bf,EOA,205.2095,25372407,7316705,USDT,EOA,N (EOA)
Morpho Blue WBTC/USDT,Ethereum,0x8409Bb3E2E17ca6edCb3530a7A47ae8418E5F3d4,EOA,113.6076,9835151,6867820,USDT,EOA,N (EOA)
aave-eth-core,1,0x030c4DA3889F135ae46FebD29Ce05053D58669bD,EOA,330.0048,28628450,6865538,USDC+USDT+EURC,EOA,N (EOA)
Morpho Blue WBTC/USDC,Ethereum,0xbdc3c47122d033ccd1Ad7b986071187Be597fF72,EOA,131.4275,11377840,6802687,USDC,EOA,N (EOA)
aave-eth-core,1,0x62e7b318FE59bD5584a99E7B6c5817698a2C235c,EOA,166.2866,25962890,6777454,USDT,EOA,N (EOA)
aave-eth-core,1,0xb7B7eb7E9611975Bc9715F22ce7e6Ee288296fd4,EOA,78.1514,13276978,6650157,USDC,EOA,N (EOA)
Morpho Blue cbBTC/USDT,Ethereum,0x1778767436111ec0AdB10F9BA4f51A329D0e7770,EOA,126.1009,10917046,6391287,USDT,EOA,N (EOA)
aave-eth-core,1,0x6FCfB789a593762557177Fe9548E44d166F91eD4,EOA,79.4196,16219357,6331014,USDT+GHO,EOA,N (EOA)
Morpho Blue WBTC/USDC,Ethereum,0xc99882e7eFB11e4258dFEe59954226e53Fef4e68,EOA,137.9219,11940070,6309187,USDC,EOA,N (EOA)
aave-eth-core,1,0xe73fcBcF1450395BdaE5eAeA4201F17BDCdb5929,EOA,156.9969,13585901,6292663,USDC+USDT,EOA,N (EOA)
aave-eth-core,1,0x43519041B20605093bFE5f922963e68f59E8dEd5,EOA,150.4092,20923200,6253764,USDT,EOA,N (EOA)
Morpho Blue WBTC/USDC,Ethereum,0x8343c61692aB867A34BC17359c4f4B7e57744Faf,EOA,134.0425,11604223,6241782,USDC,EOA,N (EOA)
aave-eth-core,1,0xF151Ed2CaedbDa83C17Ae39D6990D92909fcF529,contract,209.6205,22290562,6229329,USDT,Instadapp DSA (individual account),N
aave-eth-core,1,0x9dc8F41A45BFA500d29eBd7b3842c689973Da175,contract,174.5906,15115229,6189964,USDT,Unverified proxy (FBTC collateral; USDT/USDe sent to EOA 0x68A2...9b70); unidentified,?
Morpho Blue cbBTC/USDC,Ethereum,0x34A8B0660eF835D9d6CfC5770e15e3FaC75049BC,EOA,119.4683,10342832,6173554,USDC,EOA,N (EOA)
aave-eth-core,1,0x8Fb388696010edc0c5D574b2F25b9629724aCfE8,EOA,245.5143,12537246,6090319,USDT,EOA,N (EOA)
aave-eth-core,1,0x7a45d0DC2699A8d57c69B196715c1bBf3302952C,contract,160.0878,15437397,6036691,USDC,Safe 1/1 multisig (no vault or share-token logic; self-directed position),N
aave-eth-core,1,0xC4158b301cf86846fd4F35531597ff098c3222D8,EOA,89.9793,13918972,5871426,USDC+USDT,EOA,N (EOA)
aave-eth-core (deep pages),1,0x0514F2f3E0277c47117e3f33d9390EfB0aCfbdfe,EOA,3.0,10165750,5830267,total debt (all assets),EOA,N (EOA)
Morpho Blue cbBTC/USDT,Ethereum,0x933aDeDd85824dA75ec8a334a7907e69e7c02833,EOA,126.0002,10908324,5803198,USDT,"Midas mHyperBTC strategy wallet (MPC EOA, per Midas transparency API)",Y
aave-eth-core,1,0x1Ad2f4E2F270C9a66fDF298dd81fFE301Cd95927,EOA,182.198,15766944,5748204,USDC,EOA,N (EOA)
Morpho Blue WBTC/USDC,Ethereum,0xac79c0203836D0683B5545D44fd0E37489B66683,contract,193.2104,16726462,5745908,USDC,Summer.fi DPM proxy (individual account),N
aave-eth-core,1,0x3b6b34ce7Eda265E78EfD146C0671bef0787617A,EOA,94.7494,9581463,5649308,USDT,EOA,N (EOA)
Morpho Blue cbBTC/EURCV,Ethereum,0x28355886A65848488Cf0A3646fca395DB0A762B1,EOA,105.01,9091121,5631000,EURCV,EOA,N (EOA)
Compound v3 cUSDTv3 (cbBTC),Ethereum,0xd3d11d778970e562bbe5105e5e7eff9fdd60bce3,contract,223.34,0,5520000,USDT,Safe 3/5 multisig (no vault or share-token logic; self-directed position),N
aave-eth-core,1,0x7Bd46eB9248F93994aB1De5B7d06724D17EdaEc4,contract,50.9497,11865135,5490584,USDC+USDT+GHO,Ambire smart account (individual),N
aave-eth-core,1,0x7De07Bb8A43C1953a019906CF2c8287Dae478be9,EOA,152.7251,13216233,5439104,USDT,EOA,N (EOA)
aave-eth-core,1,0xCd9d098594b78EE61E2F6921461AC17f16B28827,EOA,101.4566,8801419,5426545,USDT,EOA,N (EOA)
aave-eth-core,1,0x7dc5aa56b73105b1E22fB6936C21b13d2f882F46,EIP7702-EOA(delegate 0x63c0c19a282a1b52b07dd5a65b58948a07dae32b),156.3634,14550834,5343287,DAI,EIP-7702 delegated EOA,N (EOA)
aave-eth-core,1,0xcDe24A1923d3657B808D66B9617b4Dd0C0D6c0c2,EOA,117.9872,10210209,5283500,USDT,EOA,N (EOA)
Morpho Blue cbBTC/USDC,Ethereum,0xeB9b0A7844ED7Be427Fd3d7d23765b1901ee7c20,EOA,92.7461,8029387,5217911,USDC,EOA,N (EOA)
Morpho Blue kBTC/RLUSD,Ethereum,0xb7210A359cd2034126b8b2C8b95E748f04fffa38,EOA,100.0003,8667137,5205281,RLUSD,EOA,N (EOA)
Morpho Blue WBTC/USDT,Ethereum,0x5EE1E2e3540eFCE54Fc477d6648537e07080f884,contract,90.01,7792278,5193148,USDT,Kraken Bitcoin Vault - LoanManager (WBTC/USDT),Y
spark-eth,1,0xAC860a0B1C178303a7f085F3842A157e91a241b1,EOA,239.9797,33527347,5183405,USDS,EOA,N (EOA)
Morpho Blue WBTC/USDC,Ethereum,0x86D888C3fA8A7F67452eF2Eccc1C5EE9751Ec8d6,EOA,196.0703,16974054,5163605,USDC,EOA,N (EOA)
Morpho Blue cbBTC/USDC,Base,0x74459EA7df673CFd90afbe39F635AcE08Ccb97C4,contract,193.2418,16729691,5162970,USDC,Coinbase Smart Wallet (retail borrower),N
aave-eth-core,1,0x965CC423E416827eFc108E64103f7eA727C5A1CE,EOA,120.095,10397331,5154316,USDC,EOA,N (EOA)
Morpho Blue cbBTC/USDC,Base,0xD3d7900a30f4016bC9945f7F2bf3A028FE9307Fc,contract,117.7575,10194717,5140946,USDC,Coinbase Smart Wallet (retail borrower),N
Morpho Blue cirBTC/USDC,Arc,0x311853eB5310a4f61215Ba48A520f95BB35348c8,EOA,96.7516,8391861,5102241,USDC,EOA,N (EOA)
Morpho Blue cbBTC/USDC,Base,0x6aBB9Aeb93e9aF04c8D9FD2b84BF6ca8EDC3eAf2,contract,168.2219,14563617,5078461,USDC,Coinbase Smart Wallet (retail borrower),N
Morpho Blue cbBTC/USDC,Base,0x646990a0056d596Df1FBC4cb43caa526Ec0f6e8B,contract,146.5533,12687688,5056908,USDC,Coinbase Smart Wallet (retail borrower),N
Morpho Blue cbBTC/USDC,Base,0xBDDFF5B1CE9284b6f022c66f961F249bE9347D0C,contract,100.2943,8682861,5050639,USDC,Coinbase Smart Wallet (retail borrower),N
Morpho Blue cbBTC/USDC,Base,0x8622f5eD1de0E74b5bE067f6BB616a53A3B62FC4,contract,98.9291,8564671,5013217,USDC,Coinbase Smart Wallet (retail borrower),N
Morpho Blue cbBTC/USDC,Base,0xA89Ce73b8493036b2FFBee70742c393CB5Beda74,contract,130.0587,11259684,5007459,USDC,Coinbase Smart Wallet (retail borrower),N
aave-eth-core,1,0x85Cb649808E0C701715C9d2F67266fdCFA6C0D6f,EOA,118.4111,41884575,4996442,USDT,EOA,N (EOA)
Compound v3 cUSDCv3 (WBTC),Ethereum,0xf151ed2caedbda83c17ae39d6990d92909fcf529,contract,42.32,0,4970000,USDC,Instadapp DSA (individual account),N
Morpho Blue cbBTC/USDC,Ethereum,0x0932b946915C09AE02B6C41Ec8ead57c11168219,EOA,92.0872,7972344,4969868,USDC,EOA,N (EOA)
spark-eth,1,0x933aDeDd85824dA75ec8a334a7907e69e7c02833,EOA,113.4164,9818819,4956767,USDS,"Midas mHyperBTC strategy wallet (MPC EOA, per Midas transparency API)",Y
spark-eth,1,0xBB87CcF17709761595F368089B754DbB545A324b,EOA,85.005,16068384,4906943,DAI,EOA,N (EOA)
Morpho Blue cbBTC/USDC,Base,0x8E982e26CB163AA2DFF8E26F72a10380a416cf1c,contract,104.9363,9084736,4800561,USDC,Coinbase Smart Wallet (retail borrower),N
aave-eth-core,1,0x2e2B6070BEC9Be9F50887CfE306Ac6cA93002Fab,EOA,73.6497,16283885,4737104,USDC+USDT,EOA,N (EOA)
Compound v3 cUSDCv3 (WBTC),Ethereum,0xd66a63b4d938cf19ae7006109a37f3bb357dbe96,EOA,54.89,0,4690000,USDC,EOA,N (EOA)
spark-eth,1,0xC5655450D4D738869D003B24b4dED842Cea5AF78,EOA,37.738,12037555,4686032,USDT+USDS,EOA,N (EOA)
Morpho Blue cbBTC/USDC,Base,0x0248acF66986c59089367690d266Eaa7c03a95Ff,contract,110.0358,9526227,4675480,USDC,Coinbase Smart Wallet (retail borrower),N
Morpho Blue cbBTC/USDC,Base,0xe8BCeFCAe10c240A82357dbB01815E5425A64083,contract,135.3731,11719773,4665571,USDC,Coinbase Smart Wallet (retail borrower),N
aave-eth-core,1,0x9808F3A0921F991f4E7Dcde8DC9BFA52A59c2211,EOA,105.0805,9093418,4575032,USDC,EOA,N (EOA)
Morpho Blue cbBTC/USDC,Base,0x0Efa6b2d120b23B3f503D29A9A0Af9038bCc36a2,contract,100.0026,8657613,4530856,USDC,Coinbase Smart Wallet (retail borrower),N
Morpho Blue cirBTC/USDC,Arc,0xaE9746a85F7E08Cbfd08dB00Edf9B6C21f592fEc,EOA,85.01,7373442,4499600,USDC,EOA,N (EOA)
spark-eth,1,0x50Fe5b3092dEC443A0F641cCEf83D6bd7603e6B7,EOA,101.232,8760036,4487011,USDS,EOA,N (EOA)
aave-eth-core,1,0xEbCE5936d8bB62a1EC7350e17ccC559d0394fdDb,EOA,161.0146,14399396,4449647,DAI+USDT,EOA,N (EOA)
aave-eth-core,1,0x7938D7f05F9a8dcE7571E4f2FCfC3f453280A6Cd,EOA,109.692,9493961,4449093,USDT,EOA,N (EOA)
spark-eth,1,0x8EBCB51967B595cd474D4572faEb4Ac8B5d6912b,EOA,104.157,9994163,4399017,USDS,EOA,N (EOA)
Morpho Blue cbBTC/USDC,Base,0xc62f551d27f66a52317A6B1745E51Cb550A50777,contract,141.67,12264922,4378195,USDC,Coinbase Smart Wallet (retail borrower),N
aave-eth-core,1,0x03e5637c67B82Af9B204187c5E89C4Bfff5270e3,EOA,91.4175,12715666,4359666,USDC,EOA,N (EOA)
Morpho Blue cbBTC/USDC,Base,0x192562b40591f79A5E4875210f1f85694C2027a7,contract,90.208,7809657,4350043,USDC,Coinbase Smart Wallet (retail borrower),N
aave-eth-core,1,0x63265e50ff8E7722eBc40034700e86b0412c900b,EOA,95.3539,8978998,4278348,USDT,EOA,N (EOA)
aave-eth-core,1,0x1A8C730C2AD5FaAB9Fe0d7ee5BfD750e044A111d,contract,132.421,11632211,4251693,USDT,Instadapp DSA (individual account),N
Morpho Blue WBTC/USDC,Ethereum,0xd843412740c6767D3596e5838b6ea1388759fC61,EOA,110.9931,9608807,4237497,USDC,EOA,N (EOA)
aave-eth-core,1,0x0540540E159f1e1F5d9165B84EF3559807771bD8,EOA,95.8082,8290983,4231581,USDT,EOA,N (EOA)
aave-eth-core,1,0x7974B46E7940De2c4d6458C053bdBac0bf111683,EOA,75.7275,8060738,4171305,USDT,EOA,N (EOA)
aave-eth-core,1,0x08C3e74a90D617A332c5790d5C44759d50a1670d,EOA,155.9168,13495982,4164088,USDT,EOA,N (EOA)
spark-eth,1,0xF6123C482f3c5B1BBfc2272A8CD117939d1a6acB,EOA,106.0,9172628,4151221,USDT,EOA,N (EOA)
aave-eth-core (deep pages),1,0x1CDde20fd300C95427819BE44A4fDC8c537361F1,EOA,38.5715,11053480,4136227,total debt (all assets),EOA,N (EOA)
Morpho Blue cbBTC/USDC,Ethereum,0x4a4C63984e57832728Ad2Fa7cFAc844246Cb3dE2,EOA,107.3292,9291904,4100710,USDC,EOA,N (EOA)
Morpho Blue cbBTC/USDC,Base,0x89E9034194605329DFaB0eB7c11877d7817891CB,contract,149.0286,12901977,4075709,USDC,Coinbase Smart Wallet (retail borrower),N
Morpho Blue cbBTC/USDC,Base,0x6Cd75fDbfe53fA40838b5B5C72A6f1afa8217177,contract,78.1808,6768410,4029618,USDC,Coinbase Smart Wallet (retail borrower),N
Morpho Blue WBTC/USDT,Ethereum,0x5dB444d58DC0010a73A8e0407c9F1cE9B1afcB9a,EIP7702-EOA(delegate 0x63c0c19a282a1b52b07dd5a65b58948a07dae32b),71.7493,6211430,3993118,USDT,EIP-7702 delegated EOA,N (EOA)
Morpho Blue kBTC/PYUSD,Ethereum,0x8328446602CB4c3b2b4A25BECa6488E947B6f54a,EIP7702-EOA(delegate 0x0000fb7702036ff9f76044a501ac1aa74cbab16b),76.5928,6638382,3985804,PYUSD,EIP-7702 delegated EOA,N (EOA)
Aave v4 spoke 0x94e7a5dc,Ethereum,0xbdfa4f4492dd7b7cf211209c4791af8d52bf5c50,EOA,163.095,16929911,3980733,USDG+frxUSD,EOA,N (EOA)
aave-eth-core,1,0x5414ecF2014c202aA938e905B614D40D686aA512,EOA,99.7654,8637199,3959037,DAI,EOA,N (EOA)
spark-eth,1,0xdb9e930f11D56CA3657910c9FC539BC5C8Aaa0c3,EOA,87.5635,7577239,3954209,USDS,EOA,N (EOA)
Aave v4 spoke 0x94e7a5dc,Ethereum,0xcdd342b253f3ea24d4ce1c5f040c1288e4214fe6,EOA,10.553,7831276,3947226,USDG,EOA,N (EOA)
Morpho Blue cbBTC/USDC,Base,0xaee9eeCBba3ed2d2110d2b277A64d4FB110B55e1,contract,130.0442,11258431,3941014,USDC,Coinbase Smart Wallet (retail borrower),N
Morpho Blue cbBTC/USDC,Base,0xcfeB2f34Fb50e6c6Fea317AEDc26A9eEBd68A037,contract,118.2885,10240693,3922575,USDC,Coinbase Smart Wallet (retail borrower),N
Morpho Blue WBTC/USDT,Ethereum,0xe8DBDFcDF838bbFBE59A9EF3a2Bb18EE7f819c61,EIP7702-EOA(delegate 0x63c0c19a282a1b52b07dd5a65b58948a07dae32b),70.0228,6061958,3897338,USDT,EIP-7702 delegated EOA,N (EOA)
aave-eth-core (deep pages),1,0x62897E744E0c71860EA74Bd88858B0F4Afbf72Dd,EOA,46.5037,6337233,3890091,total debt (all assets),EOA,N (EOA)
Morpho Blue WBTC/USDT,Ethereum,0x54c03157950c67AF1bbE06Cb20073a465C564Af9,EIP7702-EOA(delegate 0x63c0c19a282a1b52b07dd5a65b58948a07dae32b),69.1548,5986819,3847894,USDT,EIP-7702 delegated EOA,N (EOA)
aave-eth-core,1,0xcfd73D7867Da130B20DA492C583031782D63B449,contract,50.6534,7788353,3844022,GHO,Safe 1/1 multisig (no vault or share-token logic; self-directed position),N
Morpho Blue WBTC/USDT,Ethereum,0x941D30928AA51c00d56ab53483C71C6C7316c37E,EIP7702-EOA(delegate 0x63c0c19a282a1b52b07dd5a65b58948a07dae32b),68.6863,5946262,3827631,USDT,EIP-7702 delegated EOA,N (EOA)
spark-eth,1,0xD22Ce4Fc867dccE46bBD74Be535f41e2444395C1,EOA,98.714,8542561,3789002,USDC,EOA,N (EOA)
Morpho Blue WBTC/USDT,Ethereum,0x7c3b7f9E7a1F4341D300c4DC19C44f14d692aE8E,EIP7702-EOA(delegate 0x63c0c19a282a1b52b07dd5a65b58948a07dae32b),68.0513,5891287,3786813,USDT,EIP-7702 delegated EOA,N (EOA)
Morpho Blue cbBTC/USDC,Base,0x640bC0b01f515bb1F005Adb3f61d46D81Ad468B6,contract,121.5638,10524252,3784847,USDC,Coinbase Smart Wallet (retail borrower),N
Morpho Blue mHyperBTC/cbBTC,Monad,0xCc63cC49Db99f9e228470CEC57b64190Bd019a74,EOA,57.0733,5082778,3775668,cbBTC,EOA,N (EOA)
aave-eth-core,1,0xDAF585a5869cA7c1C0b1B9896ecDF314668D3F55,contract,89.6106,7754667,3766118,USDT,Safe 2/5 multisig (no vault or share-token logic; self-directed position),N
aave-eth-core,1,0x1ef60266e8092ae098B2e6650FA1e0422f229a7c,EOA,100.0166,8655074,3760405,USDT,EOA,N (EOA)
aave-eth-core,1,0x560fB4225020987563c8A3C0850e4Ca3dC457Be3,EOA,19.1861,7746471,3757877,USDC,EOA,N (EOA)
aave-eth-core,1,0x570c430D081d7C102140E15a7Ab68075682E5ad9,EOA,80.9512,7486207,3756064,DAI,EOA,N (EOA)
aave-eth-core,1,0x93451c4e47a3acA9629aDd4b0b60707E3f19A15A,EOA,85.002,7659777,3753194,USDT,EOA,N (EOA)
Morpho Blue cbBTC/USDC,Base,0x01c525849A7aA6d7B2c02C4ECD77dF502b44cAc4,contract,96.3215,8338924,3748659,USDC,Coinbase Smart Wallet (retail borrower),N
Morpho Blue cbBTC/USDC,Base,0x94345433d6A51cA851cCDA971f5999a80875960f,contract,60.0273,5196797,3710662,USDC,Coinbase Smart Wallet (retail borrower),N
aave-eth-core,1,0x1EFb4136EdEf3Bbad2Abc7f1E354A6720e4Ff365,EOA,136.5897,11822563,3641681,USDT,EOA,N (EOA)
aave-eth-core,1,0xFEfa1c66ce1522EFbb0D5189bA702E76E6Bcaf3c,contract,101.5009,8787455,3606984,USDC,Safe 2/4 multisig (no vault or share-token logic; self-directed position),N
Morpho Blue cbBTC/USDC,Base,0x7463bBb3a6DF783aD18A7955CEac622c80c9C0Fc,contract,76.9766,6664158,3599944,USDC,Coinbase Smart Wallet (retail borrower),N
Compound v3 cUSDCv3 (WBTC),Ethereum,0x274b56e812b7951b737e450a22e849860c8ada11,EOA,100.0,0,3540000,USDC,EOA,N (EOA)
aave-eth-core,1,0x5ca1630E29962932ce96B5480742D71FcdaF63af,EOA,81.4924,7052135,3524068,USDT,EOA,N (EOA)
Morpho Blue cbBTC/USDC,Base,0x5A73669A3B9A1381439DFD9F0D998529009eA27a,contract,59.1497,5120814,3517411,USDC,Coinbase Smart Wallet (retail borrower),N
spark-eth (deep pages),1,0xd7215DbBd6e595a57e4dDc7786EF068F8dA8B564,EOA,0.42,4479610,3508726,total debt (all assets),EOA,N (EOA)
aave-eth-core,1,0x588B530e0d6d5C15AfD56012434752296D70b36b,EOA,133.5021,19831660,3479865,USDC,EOA,N (EOA)
aave-eth-core,1,0xB0809Dc7d52aA1112DCCFE33958a50186A952Ba9,EOA,91.6943,7935149,3472195,USDC+USDT+EURC,EOA,N (EOA)
Morpho Blue cbBTC/USDC,Base,0x9321Cd026aCd69c0F31b855A1bbbBaa16c78D36B,EIP7702-EOA(delegate 0x7702cb554e6bfb442cb743a7df23154544a7176c),110.08,9530050,3468068,USDC,EIP-7702 delegated EOA,N (EOA)
aave-eth-core,1,0x5F360F1DE284551B2550a2e057CdfB1ca8051fA3,EOA,78.2942,6775305,3429044,USDT,EOA,N (EOA)
aave-eth-core,1,0xbf16e9B0aADdef8ea03ba2C599a9eBF287277391,EOA,45.2472,6081082,3419416,USDT+GHO,EOA,N (EOA)
Morpho Blue cbBTC/USDC,Base,0x1107f2c585a7CE74D08f3bA8A8306a9655167901,contract,80.9992,7012417,3402244,USDC,Coinbase Smart Wallet (retail borrower),N
aave-eth-core,1,0xF44431967D8b3Ae3a2a994AC9fCC74A8d35F9156,EOA,80.4367,6960774,3392459,USDT+EURC,EOA,N (EOA)
Kamino main market,Solana,9ydV7E5JqjAHNP369Fc9ZxDK8W1vHcL5LmSpoGb56K8h,System-owned wallet (EOA equivalent),,6057758,3362071,USDG,Solana wallet,N (wallet)
aave-eth-core,1,0x8f5ef1b8E357a81A7E0cC270A46Af730005a3cb8,EOA,116.0067,10823763,3317794,GHO,EOA,N (EOA)
aave-eth-core,1,0xE71CbF47Fff309813bcea54f3ecF49a5F129264D,EOA,58.1607,11331512,3277281,USDC+USDT,EOA,N (EOA)
Morpho Blue cbBTC/EURCV,Ethereum,0x559458Aac63528fB18893d797FF223dF4D5fa3C9,EIP7702-EOA(delegate 0x63c0c19a282a1b52b07dd5a65b58948a07dae32b),69.3037,5999887,3274789,EURCV,EIP-7702 delegated EOA,N (EOA)
Morpho Blue cbBTC/USDC,Base,0x780B9846Da7bF687BeBA131Cf5ad624A5546E0E3,contract,99.0981,8579303,3247476,USDC,Coinbase Smart Wallet (retail borrower),N
Compound v3 cUSDCv3 (WBTC),Ethereum,0xec6ea79dddfcf2f9185464f3efb1285c8c22380d,EOA,76.45,0,3220000,USDC,EOA,N (EOA)
Compound v3 cUSDCv3 (cbBTC),Ethereum,0xec6ea79dddfcf2f9185464f3efb1285c8c22380d,EOA,23.0,0,3220000,USDC,EOA,N (EOA)
Morpho Blue cbBTC/USDC,Base,0xb37d921C6c2D96343C0d0ccB3D8a65F7D5EC1081,EIP7702-EOA(delegate 0x7702cb554e6bfb442cb743a7df23154544a7176c),96.8302,8382965,3180137,USDC,EIP-7702 delegated EOA,N (EOA)
aave-eth-core,1,0xb291F15266A525d389A467af383041753fba007e,contract,45.1628,5642318,3132167,USDC+USDT,Safe 2/4 multisig (no vault or share-token logic; self-directed position),N
Morpho Blue cbBTC/USDC,Base,0x824C53A39cB150c9FD5597BeF856F8CC2d815c90,contract,47.2507,4090674,3129560,USDC,Coinbase Smart Wallet (retail borrower),N
aave-eth-core,1,0x42283FA21d5642c1744C2888f041DdEA5d79149C,EOA,135.3328,11711320,3123357,USDT,EOA,N (EOA)
aave-eth-core,1,0x9407253BBD6F8CE7C1f061792a495A54e5cbB911,EOA,132.774,15437879,3092869,USDT,EOA,N (EOA)
aave-eth-core,1,0x82d5D7c66e0fD623cecA1d7ea34FdB8132002523,EOA,231.5002,21400580,3080124,USDC+DAI,EOA,N (EOA)
aave-eth-core (deep pages),1,0xf8153167313Ce9cFCB45BD4afF2B543513388163,EOA,44.2599,12926418,3080116,total debt (all assets),EOA,N (EOA)
Morpho Blue cbBTC/USDC,Base,0xe5CeA600E0D967e6b25243969899aEeAE9a58dbd,contract,201.0492,17405603,3060178,USDC,Coinbase Smart Wallet (retail borrower),N
aave-eth-core (deep pages),1,0x6249099E4a2AacB70621C432D537Fe6BbDB5251c,EOA,30.4712,4551055,3058520,total debt (all assets),EOA,N (EOA)
aave-eth-core,1,0x3CbCaB298039FF7FCA5220C807768CAB6F849500,EOA,99.7904,8635557,3018058,USDT,EOA,N (EOA)
aave-eth-core,1,0x0F9f4bb12f766370bDed83C5a12d94a5Cb2745F9,EOA,181.5063,15788370,3009324,USDT,EOA,N (EOA)
aave-eth-core,1,0x09d63d136A0a98960Cee7835d2f794A89Ea71697,EOA,100.0014,8657629,3006279,USDC,EOA,N (EOA)
Morpho Blue kBTC/PYUSD,Ethereum,0xD4F9Ce639DDF663212579514ABEd27266a5cfE3C,EOA,82.212,7125401,3001790,PYUSD,EOA,N (EOA)
Compound v3 cUSDTv3 (WBTC),Ethereum,0x53fb0162bc8d5eec2fb1532923c4f8997bace111,EOA,65.0,0,3000000,USDT,EOA,N (EOA)
Morpho Blue cbBTC/USDC,Base,0x39C1E6f73c37e1960A45b90B9908134241Ca9C22,contract,99.1018,8579623,2993490,USDC,Coinbase Smart Wallet (retail borrower),N
Morpho Blue cbBTC/USDC,Ethereum,0x70fCE97d671E81080CA3ab4cc7A59aAc2E117137,contract,108.6453,9405842,2986444,USDC,Safe 2/4 holding OETH/ARM LP (Origin-related treasury); no share token,N
Morpho Blue WBTC/USDC,Ethereum,0x70fCE97d671E81080CA3ab4cc7A59aAc2E117137,contract,108.6609,9406908,2983362,USDC,Safe 2/4 holding OETH/ARM LP (Origin-related treasury); no share token,N
spark-eth,1,0x43911ee0012CdAbf825D1FFE3A3E372C9d477618,EOA,58.9575,8326608,2965280,USDT+USDS,EOA,N (EOA)
aave-eth-core (deep pages),1,0x7dF25ED19086F00e0539C7C9A2a6234E0689905E,EOA,27.5487,10723781,2957971,total debt (all assets),EOA,N (EOA)
Morpho Blue cbBTC/USDC,Ethereum,0xeD1Ee275eEea0Fd4541F44Cc519FAB5Cb24f6632,EOA,95.1376,8236430,2928343,USDC,EOA,N (EOA)
Kamino main market,Solana,BS1jhgXmm1TTZL3RC5zfeQ74u1uhfPhfimvADcqHHF1D,System-owned wallet (EOA equivalent),,5105562,2913804,USDG,Solana wallet,N (wallet)
aave-eth-core,1,0x75f747FA437a60300fda8805763f782fDd869b55,EOA,132.6401,12537669,2879358,USDT,EOA,N (EOA)
Morpho Blue cbBTC/USDC,Base,0x5Cbfe356FF1Bc76A1c8fBedFf9041F0b9783befd,contract,59.1654,5122180,2826248,USDC,Coinbase Smart Wallet (retail borrower),N
Morpho Blue cbBTC/USDC,Base,0x3a17180e3CC9db2a6B00D137b571b595F0F2f631,contract,65.0519,5631794,2824653,USDC,Coinbase Smart Wallet (retail borrower),N
Morpho Blue vbWBTC/vbUSDC,Katana,0xdb9e930f11D56CA3657910c9FC539BC5C8Aaa0c3,EOA,62.8666,5445334,2795744,vbUSDC,EOA,N (EOA)
Compound v3 cUSDCv3 (cbBTC),Ethereum,0x46e5a9d73ff25d8fbd82a22107517d7aab9bca2d,EOA,53.38,0,2790000,USDC,EOA,N (EOA)
aave-eth-core,1,0x33eeCc48943aAeabb5328A25ff28eb85F67945C2,EOA,340.4085,29457831,2759068,USDC+USDT,EOA,N (EOA)
aave-eth-core,1,0x36A71dbDd66Ef9361bA95302372932526A2002a7,EIP7702-EOA(delegate 0x63c0c19a282a1b52b07dd5a65b58948a07dae32b),101.566,8789219,2753929,USDC,EIP-7702 delegated EOA,N (EOA)
Morpho Blue cbBTC/USDC,Ethereum,0x4158BA71a75c257c90714F1d38aD11793104b756,contract,62.699,5428098,2752279,USDC,Safe 2/9 multisig (no vault or share-token logic; self-directed position),N
Morpho Blue cirBTC/USDC,Arc,0x8A25d8C9fa8C7A726137f2D618d85CbC2C083F78,EOA,64.9799,5636111,2749761,USDC,EOA,N (EOA)
Morpho Blue cbBTC/USDC,Base,0x47Fc25e46BcB61f25010417A61934e099307acfE,contract,68.1538,5900342,2746105,USDC,Coinbase Smart Wallet (retail borrower),N
aave-eth-core,1,0x789a1F3F87129845E24E826d72636E1d0baa9e31,EOA,14.4565,11717086,2723274,USDT,EOA,N (EOA)
aave-base,8453,0xa149612889184c5cF1B14Ee82ff05B6fbCe6899D,EIP7702-EOA(delegate 0x63c0c19a282a1b52b07dd5a65b58948a07dae32b),50.5971,4371769,2719315,USDC,EIP-7702 delegated EOA,N (EOA)
aave-eth-core (deep pages),1,0xA0B26A453763cf34b41C922B0b795FbA04822C17,EOA,38.0192,8737271,2701812,total debt (all assets),EOA,N (EOA)
Morpho Blue cbBTC/USDC,Ethereum,0x38534c588C6878D28269e030C8bD785B7BDf65Dd,contract,65.8942,5704715,2696370,USDC,ZeroDev Kernel smart account (individual),N
Morpho Blue cbBTC/USDC,Base,0xC2Cf831d1FB0ca053771501f1F971b3e4c245a5C,contract,59.2161,5126568,2687932,USDC,Coinbase Smart Wallet (retail borrower),N
Morpho Blue cbBTC/USDC,Base,0xA12b736d3128865d5bb3d235407F1dAdf8C19cE2,contract,60.6137,5247562,2686068,USDC,Coinbase Smart Wallet (retail borrower),N
aave-eth-core,1,0x2F8d4E7b1d771932E1367Ee46F4c7bE11CD94ac3,EOA,63.3055,5478406,2670379,USDC+DAI+USDT,EOA,N (EOA)
Compound v3 cUSDCv3 (WBTC),Ethereum,0xa81ace214b97d4b9c2072a934d0c4de486757538,EOA,45.02,0,2610000,USDC,EOA,N (EOA)
Compound v3 cUSDTv3 (WBTC),Ethereum,0x9ac60bd825eb8fd0240e4daf2646c1050830013e,EOA,60.0,0,2610000,USDT,EOA,N (EOA)
Morpho Blue cbBTC/USDC,Base,0xdA905450166c6574cEE0Cd276b898f62d7368Ee9,EOA,80.0,6925909,2603962,USDC,EOA,N (EOA)
Morpho Blue cbBTC/USDC,Base,0xa7b9204B1bAbDb3e1b7269e9501b3AE3E789e7c3,contract,73.0232,6321901,2563963,USDC,Coinbase Smart Wallet (retail borrower),N
aave-eth-core,1,0x38A3F675970f85DEbA1839b5d46Bd9eF5D3214a9,EOA,49.0058,9110463,2562280,USDC,EOA,N (EOA)
Morpho Blue cbBTC/USDT,Ethereum,0xcEF76232310b7Ad0EB986412073119bd84E325ea,EIP7702-EOA(delegate 0x63c0c19a282a1b52b07dd5a65b58948a07dae32b),61.0,5281005,2549012,USDT,EIP-7702 delegated EOA,N (EOA)
aave-eth-core,1,0x02bee1A4e0303d389BAce558CF3EA944B95994F5,EOA,71.7791,6211675,2539995,USDT,EOA,N (EOA)
spark-eth,1,0xcb7e0558be839953ce3131657A1100444D1938b7,EOA,22.5049,7970327,2536563,USDC+USDT,EOA,N (EOA)
aave-eth-core,1,0xe5A5901BD4f22EbEa7d2abFc842355ebA0aaa0e4,EOA,60.0057,5192807,2533817,USDC,EOA,N (EOA)
Morpho Blue kBTC/RLUSD,Ethereum,0xB1BC0548A2A9afa1F3eB7B76c1cE6f51dc23D351,EOA,59.01,5114461,2523864,RLUSD,EOA,N (EOA)
aave-eth-core (deep pages),1,0xb12Be28a24E11700baC8e9Ab2117FAfe3622eEf3,contract,40.1189,4304867,2521393,total debt (all assets),Safe 1/1 multisig (no vault or share-token logic; self-directed position),N
Fluid vault 22 WBTC->USDT,Ethereum,0xd711193c2068575bcfadf3d51b98a0f573cc6492,EIP7702-EOA(delegate,41.66087581,0,2513306,USDT,EIP-7702 delegated EOA,N (EOA)
Morpho Blue WBTC/USDT,Ethereum,0x030c4DA3889F135ae46FebD29Ce05053D58669bD,EOA,56.59,4899067,2505623,USDT,EOA,N (EOA)
aave-eth-core (deep pages),1,0x23c225cceD72e95F4CB3c553b41C54d8FA9FFCf2,EOA,44.0825,3814723,2503446,total debt (all assets),EOA,N (EOA)
Compound v3 cUSDCv3 (WBTC),Ethereum,0xe0dca72978a0224c54ca1a0de766bd2ce00cfb27,EOA,49.38,0,2500000,USDC,EOA,N (EOA)
Morpho Blue cbBTC/USDC,Ethereum,0x5D82AE8FC9ad408507a3EBdBC48A97e20AA8F737,EOA,50.0105,4329604,2499966,USDC,EOA,N (EOA)
aave-eth-core (deep pages),1,0x7C1593C39B048bB19e255679bA8505Ac7E5F4D12,EIP7702-EOA(delegate,15.0,6892849,2495610,total debt (all assets),EIP-7702 delegated EOA,N (EOA)
aave-eth-core,1,0x61860fd94315a1C3566136675e21fa4813D02719,EOA,90.7693,7855098,2492101,USDC,EOA,N (EOA)
aave-eth-core,1,0x2AEa39e27Fc87De4A63963687C6e188F062197b4,EOA,76.5981,9470755,2487807,DAI+USDT,EOA,N (EOA)
Morpho Blue vbWBTC/vbUSDC,Katana,0xEDc66382f1e7Fe11C259761CBddbdCb995Bf472E,EOA,43.9017,3802651,2487702,vbUSDC,EOA,N (EOA)
aave-eth-core,1,0xdD9BD62D1c08210fDDa6f841eD5196B45A939625,EIP7702-EOA(delegate 0x63c0c19a282a1b52b07dd5a65b58948a07dae32b),60.5159,5236880,2484836,USDT,EIP-7702 delegated EOA,N (EOA)
Morpho Blue cbBTC/USDC,Ethereum,0x7376b927836243f21b327164055891Eb4290f213,EOA,43.6443,3778453,2481605,USDC,EOA,N (EOA)
Morpho Blue cbBTC/USDC,Base,0xF5980d56fe1f7BCF26102d297db60F65d90ddF49,contract,62.0968,5375962,2461455,USDC,Coinbase Smart Wallet (retail borrower),N
aave-eth-core,1,0xb81765a9c8C2b91007a9b3f431c880CFB9b997Ce,EOA,51.4799,10786220,2452246,USDC,EOA,N (EOA)
Morpho Blue cbBTC/USDC,Base,0x9752840cAE1447E46E231823B2cCe617d26Ce9b1,contract,46.1516,3995520,2423110,USDC,Coinbase Smart Wallet (retail borrower),N
Morpho Blue WBTC/USDC,Ethereum,0x405dBF6606336AB3d6574f78EDdfA68038e9F9A1,contract,42.4012,3670725,2407762,USDC,Safe 1/1 multisig (no vault or share-token logic; self-directed position),N
aave-eth-core,1,0xa6e77a924493D1380992cc96a56dF6F5856ccd7C,contract,62.8245,5436696,2389324,DAI,Safe 1/1 multisig (no vault or share-token logic; self-directed position),N
Fluid vault 21 WBTC->USDC,Ethereum,0xca21c7c991599d73af0ceea0e80e59383e6e171c,EOA,40.2673578,0,2363878,USDC,EOA,N (EOA)
aave-eth-core,1,0xB6D2e0b2Db5731D4103D7fdF223ed3917cF402e9,EOA,60.7857,5260234,2354850,USDT,EOA,N (EOA)
aave-eth-core (deep pages),1,0xEeB5F2460828d1160F55F656A288896Cfb562E4d,EOA,30.293,3676555,2353602,total debt (all assets),EOA,N (EOA)
Morpho Blue cirBTC/USDC,Arc,0xB61F900042a0Fcc5D99713D952f4e60b20A920ff,EOA,43.4973,3772790,2349798,USDC,EOA,N (EOA)
aave-eth-core,1,0x523c51aC731a61B196535e318ba50119F7D9cd78,EOA,50.6982,4387937,2344637,USDT,EOA,N (EOA)
Morpho Blue cbBTC/USDC,Ethereum,0x54Ac74A05AAD151071b2AA7EAaFd907dBb829Bd9,EOA,60.0677,5200290,2340810,USDC,EOA,N (EOA)
Morpho Blue WBTC/USDT,Ethereum,0xDC74DdBBeE459Aa72608B70F02ff516E432fd85C,EIP7702-EOA(delegate 0x63c0c19a282a1b52b07dd5a65b58948a07dae32b),42.0308,3638657,2333317,USDT,EIP-7702 delegated EOA,N (EOA)
Morpho Blue cbBTC/USDC,Base,0xb7b5b558D10FE854f2545a4B6129dA0Ebc82AEEa,contract,36.7036,3177574,2318987,USDC,Coinbase Smart Wallet (retail borrower),N
aave-eth-core,1,0xA470CA0A3e5FF250Cc8612B62f8a0703F92dEb3A,contract,58.2343,5039436,2317389,USDC+USDT,Safe 2/3 multisig (no vault or share-token logic; self-directed position),N
Morpho Blue cbBTC/USDC,Base,0x3658D261247Dd37ADff2F3B925153A8401628B61,contract,51.0002,4415283,2313556,USDC,Coinbase Smart Wallet (retail borrower),N
aave-eth-core,1,0xCf95085403e67B980c01dd4347B4aDcF883E6843,EOA,55.0524,4766160,2312190,USDC,EOA,N (EOA)
Kamino main market,Solana,eG18CoFTtydMNfEzjDb6Yt8rc1WfSHeHJGdxgUfVscE,System-owned wallet (EOA equivalent),,2108956,2303518,USDG,Solana wallet,N (wallet)
aave-eth-core,1,0xbbD01f9B63aE317c55B9a6837C51Bb2b6394B5d5,EOA,72.0404,6234318,2302405,USDT,EOA,N (EOA)
aave-eth-core,1,0xa9490f0C8d46E01C5B11bc333eB7df608B9122AF,EOA,43.8513,7312357,2297099,USDC+USDT,EOA,N (EOA)
Morpho Blue cbBTC/USDC,Base,0xDeA59C6b83448517ad90F0f9f9755B9cbceE1fCd,contract,56.9765,4932674,2291320,USDC,Coinbase Smart Wallet (retail borrower),N
Morpho Blue kBTC/PYUSD,Ethereum,0xd83687a8aD139688F5D0eAA9fc352A10f532C2Af,EIP7702-EOA(delegate 0x0000fb7702036ff9f76044a501ac1aa74cbab16b),45.6518,3956687,2285281,PYUSD,EIP-7702 delegated EOA,N (EOA)
aave-eth-core (deep pages),1,0x75828f132030B6686a1e5aC017e96da20c5Cd540,EOA,49.9602,6612634,2257222,total debt (all assets),EOA,N (EOA)
Morpho Blue cbBTC/USDC,Base,0x757b45a3AC0b641B15Ac60451537f3591646766f,contract,55.7548,4826912,2248933,USDC,Coinbase Smart Wallet (retail borrower),N
Morpho Blue cbBTC/USDC,Base,0x7778FcD4c041A490a17fFe6dAd222D319D1F4470,contract,60.3499,5224722,2246346,USDC,Coinbase Smart Wallet (retail borrower),N
aave-eth-core,1,0x8C6Aa32b1FBf7746D46eF2c18871633F896211E6,EOA,72.4326,6829250,2237949,USDT,EOA,N (EOA)
Morpho Blue cbBTC/USDC,Base,0xFf367c5b2E9b0DBBC390f6eaE34cA7458DAf7d96,contract,44.2508,3830963,2235846,USDC,Coinbase Smart Wallet (retail borrower),N
Morpho Blue WBTC/USDC,Ethereum,0xB5fBAb1a71dB52b77bC44D0859287A40103bB9d6,EOA,47.6359,4123898,2233132,USDC,EOA,N (EOA)
aave-eth-core,1,0x31aD853B9584F909c7B4D413D1e9Fc7c125995bD,EOA,68.0316,5887334,2229704,USDT,EOA,N (EOA)
aave-eth-core,1,0xfEe5BE290D4A1A50CAFf611389Ba2120A4095d78,EIP7702-EOA(delegate 0x63c0c19a282a1b52b07dd5a65b58948a07dae32b),13.8522,5319058,2223356,USDC+GHO,EIP-7702 delegated EOA,N (EOA)
Compound v3 cUSDTv3 (WBTC),Ethereum,0x5ee96329a93ec738d55c97958df29452a9327ffa,contract,51.0,0,2160000,USDT,"DSProxy (individual, DeFi Saver/Maker style)",N
Compound v3 cUSDCv3 (WBTC),Ethereum,0x397b7bd1c5a426b03686b66dfdb7496de641eead,EOA,84.91,0,2150000,USDC,EOA,N (EOA)
spark-eth,1,0x338a07Cf3e117d446FFBd3Bc4a60787f892be222,EIP7702-EOA(delegate 0x63c0c19a282a1b52b07dd5a65b58948a07dae32b),53.117,4597521,2132717,USDT,EIP-7702 delegated EOA,N (EOA)
Morpho Blue cbBTC/USDC,Base,0xD2b47aeC5A8b48dAD7b8435360f7675032CF7B5e,contract,52.8629,4576549,2132028,USDC,Coinbase Smart Wallet (retail borrower),N
Compound v3 cUSDCv3 (WBTC),Ethereum,0x2102e7aed2e0ca2da43a171ecc75e9e234acb95c,EOA,50.01,0,2130000,USDC,EOA,N (EOA)
aave-eth-core,1,0x1349BE152879937339ea7e4741D84A2Ea1483F96,EOA,65.1587,6999923,2116854,USDC,EOA,N (EOA)
aave-eth-core,1,0x28dEb686bb8D6a3ef6F3490bbCaea40A39053c8c,EOA,120.0573,10389445,2113948,USDC,EOA,N (EOA)
Morpho Blue cbBTC/USDC,Base,0xf0877E499DcB7bBf7d5f7FaA0224B55F87788244,contract,45.4885,3938118,2112864,USDC,Coinbase Smart Wallet (retail borrower),N
aave-eth-core,1,0x53a745270b9e8F0136F23e28fDA6a5aDe5618431,EOA,69.7802,6038549,2080333,USDT,EOA,N (EOA)
aave-arb,42161,0x1de5366615BCEB1BDb7274536Bf3fc9f06Aa9c2C,EOA,35.6407,6299479,2080294,USD₮0+USDC,EOA,N (EOA)
aave-eth-core (deep pages),1,0x882A709563b1Cbb711fD285ECe751564e56830d5,EOA,44.997,3893862,2079888,total debt (all assets),EOA,N (EOA)
aave-eth-core,1,0x54a1b5C470FdCf516B84A495B4ACdF800B6f734E,EOA,17.1949,4478560,2078497,USDT,EOA,N (EOA)
aave-eth-core (deep pages),1,0x45371Ed1b5cc92048a036f29914e78659Be424f7,EOA,40.8218,4876718,2064538,total debt (all assets),EOA,N (EOA)
aave-eth-core,1,0xC65b975d471D33a83a746BB69fD72A84b57Adb93,contract,28.6673,4172649,2055481,GHO,Safe 1/1 multisig (no vault or share-token logic; self-directed position),N
spark-eth,1,0x0dEca49FE145E27c07B891a8b9d9a7D9fC744F30,EOA,130.1252,11260279,2047501,USDT+USDS,EOA,N (EOA)
Morpho Blue cbBTC/USDC,Base,0xE991feB0D5d3F02F9dbFB198401610B8E14d85Bb,contract,45.4731,3936784,2038501,USDC,Coinbase Smart Wallet (retail borrower),N
aave-eth-core,1,0x32013A1C66516139f89234cC859ca15FE10A7DA2,contract,25.0236,5078726,2038096,USDC+USDT,Safe 2/2 multisig (no vault or share-token logic; self-directed position),N
aave-eth-core (deep pages),1,0xe154ee67cc3B48Ec5b5E597854B9fa1C68BbFDef,contract,45.0675,3899970,2036208,total debt (all assets),Summer.fi DPM proxy (individual account),N
Morpho Blue cbBTC/USDC,Base,0x462Dac86245Cdbcb131274418B1f52eE74e4322D,contract,46.6239,4036412,2027660,USDC,Coinbase Smart Wallet (retail borrower),N
Morpho Blue cbBTC/USDC,Base,0x02Cff421b1559bcaf73c1dEa4aeE1fefaCeF64a9,contract,55.9529,4844056,2027654,USDC,Coinbase Smart Wallet (retail borrower),N
Compound v3 cUSDCv3 (cbBTC),Ethereum,0x54fbced3198a9595adb111d3543b25eaa2534e5d,EOA,47.69,0,2020000,USDC,EOA,N (EOA)
aave-eth-core,1,0xC7eC86236b08E1Ed80c5A47CD479275784a184f4,EOA,64.999,5627301,2016518,USDC,EOA,N (EOA)
aave-eth-core,1,0xb7387E11060D14Fe5DB69880F24CE66D1F8CfE1A,EOA,89.4466,7743843,2002063,USDC,EOA,N (EOA)
Compound v3 cUSDCv3 (WBTC),Ethereum,0x29232f94e71382229761fea877e2e37693048936,EOA,51.73,0,2000000,USDC,EOA,N (EOA)
Compound v3 cUSDCv3 (cbBTC),Ethereum,0x29232f94e71382229761fea877e2e37693048936,EOA,8.13,0,2000000,USDC,EOA,N (EOA)
